G9RQQ1	Bacteria	Firmicutes	Clostridia	Clostridiales	Ruminococcaceae	Subdoligranulum	unclassified Subdoligranulum
A0A421JQE6	Eukaryota	Fungi	Dikarya	Ascomycota	Saccharomycotina	Saccharomycetes	Saccharomycetales	Debaryomycetaceae	Spathaspora	unclassified Spathaspora
A0A355H8L8	Bacteria	Proteobacteria	Deltaproteobacteria
A0A2E6B5M8	Bacteria	Proteobacteria	Gammaproteobacteria
A0A3L7UMB7	Bacteria	Planctomycetes
A0A383VCE8	Eukaryota	Viridiplantae	Chlorophyta	core chlorophytes	Chlorophyceae	Sphaeropleales	Scenedesmaceae	Tetradesmus
A0A4Q5QFI5	Bacteria	Proteobacteria	Alphaproteobacteria
A0A1I5U873	Bacteria	Bacteroidetes	Chitinophagia	Chitinophagales	Chitinophagaceae	Parafilimonas
A0A1I0QR01	Bacteria	Bacteroidetes	Cytophagia	Cytophagales	Roseivirgaceae	Roseivirga
A0A4Q6D7I3	Bacteria	Proteobacteria	Gammaproteobacteria	Pseudomonadales	Moraxellaceae
A0A355BDZ6	Bacteria	Bacteroidetes	Flavobacteriia	Flavobacteriales	Flavobacteriaceae	Flavobacterium	unclassified Flavobacterium
W9ZLT2	Eukaryota	Fungi	Dikarya	Ascomycota	Pezizomycotina	Sordariomycetes	Hypocreomycetidae	Hypocreales	Nectriaceae	Fusarium	Fusarium oxysporum species complex
A0A077WP57	Eukaryota	Fungi	Fungi incertae sedis	Mucoromycota	Mucoromycotina	Mucoromycetes	Mucorales	Lichtheimiaceae	Lichtheimia
A0A4U7KMI5	Eukaryota	Fungi	Dikarya	Basidiomycota	Ustilaginomycotina	Ustilaginomycetes	Ustilaginales	Ustilaginaceae	Sporisorium
A0A2E1TNK0	Bacteria	Proteobacteria	Gammaproteobacteria
A0A0F9CW44	unclassified sequences	metagenomes	ecological metagenomes
A0A2S4VCQ3	Eukaryota	Fungi	Dikarya	Basidiomycota	Pucciniomycotina	Pucciniomycetes	Pucciniales	Pucciniaceae	Puccinia
A0A359F7K8	Bacteria	Actinobacteria	Acidimicrobiia	Acidimicrobiales	Acidimicrobiaceae
A0A3L6VEP3	Eukaryota	Sar	Stramenopiles	Oomycota	Saprolegniales	Saprolegniaceae	Aphanomyces
A0A1T4WLX6	Bacteria	Verrucomicrobia	Verrucomicrobiae	Verrucomicrobiales	Verrucomicrobiaceae	Prosthecobacter
A0A2E6QY96	Bacteria	Proteobacteria	Gammaproteobacteria
I4YG96	Eukaryota	Fungi	Dikarya	Basidiomycota	Wallemiomycotina	Wallemiomycetes	Wallemiales	Wallemiaceae	Wallemia
A0A0D6EL18	Eukaryota	Fungi	Dikarya	Basidiomycota	Pucciniomycotina	Microbotryomycetes	Sporidiobolales	Sporidiobolaceae	Sporidiobolus
A0A0C9VP41	Eukaryota	Fungi	Dikarya	Basidiomycota	Agaricomycotina	Agaricomycetes	Phallomycetidae	Geastrales	Sphaerobolaceae	Sphaerobolus
A0A1Y2ETC4	Eukaryota	Fungi	Dikarya	Basidiomycota	Pucciniomycotina	Microbotryomycetes	Leucosporidiales	Leucosporidium
A0A4Q4CLT0	Bacteria	Actinobacteria	Actinomycetales
A0A5C7XBU6	Bacteria	Actinobacteria	Corynebacteriales	Mycobacteriaceae	Mycobacterium	unclassified Mycobacterium
X0PHF9	Bacteria	Firmicutes	Bacilli	Lactobacillales	Lactobacillaceae	Agrilactobacillus
A0A519VN98	Bacteria	Bacteroidetes	Sphingobacteriia	Sphingobacteriales	Sphingobacteriaceae	Pedobacter	unclassified Pedobacter
L1JRM8	Eukaryota	Cryptophyceae	Pyrenomonadales	Geminigeraceae	Guillardia
A0A4Q3RBH4	Bacteria	Proteobacteria	Betaproteobacteria	Burkholderiales	Comamonadaceae
A0A520HKE4	Bacteria	Bacteroidetes	Sphingobacteriia	Sphingobacteriales	Sphingobacteriaceae	Pedobacter	unclassified Pedobacter
A0A426H8J8	Bacteria	Proteobacteria	Gammaproteobacteria	Xanthomonadales	Xanthomonadaceae	Pseudoxanthomonas	unclassified Pseudoxanthomonas
A0A433DAK7	Eukaryota	Fungi	Fungi incertae sedis	Mucoromycota	Mucoromycotina	Endogonomycetes	Endogonales	Endogonaceae	Jimgerdemannia
A0A259PDT1	Bacteria	Proteobacteria	Betaproteobacteria	Burkholderiales	Thiomonas	unclassified Thiomonas
A0A524IDI8	Bacteria	Proteobacteria	Deltaproteobacteria
A0A1J5SGZ1	unclassified sequences	metagenomes	ecological metagenomes
A0A355BDZ7	Bacteria	Bacteroidetes	Flavobacteriia	Flavobacteriales	Flavobacteriaceae	Flavobacterium	unclassified Flavobacterium
A0A349XPD4	Bacteria	Proteobacteria	Alphaproteobacteria	Rhizobiales	Rhizobiaceae	Rhizobium/Agrobacterium group	Agrobacterium	unclassified Agrobacterium
X8CBR9	Bacteria	Actinobacteria	Corynebacteriales	Mycobacteriaceae	Mycobacterium	Mycobacterium avium complex (MAC)
E0XPC8	Bacteria	environmental samples
A0A3B9CSW5	Bacteria	Planctomycetes	Planctomycetia	Planctomycetales	Planctomycetaceae
A0A077R4L2	Eukaryota	Fungi	Dikarya	Basidiomycota	Ustilaginomycotina	Ustilaginomycetes	Ustilaginales	Ustilaginaceae	Melanopsichium
A0A498JZL3	Eukaryota	Viridiplantae	Streptophyta	Embryophyta	Tracheophyta	Spermatophyta	Magnoliopsida	eudicotyledons	Gunneridae	Pentapetalae	rosids	fabids	Rosales	Rosaceae	Amygdaloideae	Maleae	Malus
A0A2G6DMS7	Bacteria	Actinobacteria	Propionibacteriales	unclassified Propionibacteriales
A0A3L6MQR9	Eukaryota	Fungi	Dikarya	Ascomycota	Pezizomycotina	Sordariomycetes	Hypocreomycetidae	Hypocreales	Nectriaceae	Fusarium	Fusarium oxysporum species complex
A0A2R5GRI7	Eukaryota	Sar	Stramenopiles	Bigyra	Labyrinthulomycetes	Thraustochytrida	Thraustochytriaceae	Hondaea
A0A2E0GJ08	Bacteria	Actinobacteria	Acidimicrobiia	Acidimicrobiales	Acidimicrobiaceae
A0A5N7ZCA0	Bacteria	Bacteroidetes	Flavobacteriia	Flavobacteriales	Flavobacteriaceae	Flavobacterium	unclassified Flavobacterium
A0A068DNV2	Bacteria	Bacteroidetes	Flavobacteriia	Flavobacteriales	Candidatus Walczuchella
A0A257MWF9	Bacteria	Proteobacteria	Gammaproteobacteria	Methylococcales	Methylococcaceae
A0A351KRR7	Bacteria	Proteobacteria	Gammaproteobacteria	Methylococcales	Methylococcaceae
A0A168BBM5	Eukaryota	Fungi	Dikarya	Ascomycota	Pezizomycotina	Eurotiomycetes	Eurotiomycetidae	Onygenales	Ascosphaeraceae	Ascosphaera
A0A5C6GMS6	Eukaryota	Fungi	Dikarya	Ascomycota	Pezizomycotina	Sordariomycetes	Hypocreomycetidae	Hypocreales	Clavicipitaceae	Metarhizium
A0A1M7A1C8	Bacteria	Bacteroidetes	Flavobacteriia	Flavobacteriales	Weeksellaceae	Chishuiella
A0A3D2GJQ2	Bacteria	Candidatus Omnitrophica
A0A434W687	Bacteria	Proteobacteria	Alphaproteobacteria	Rhizobiales	Phyllobacteriaceae	Mesorhizobium
A0A090WSZ2	Bacteria	Bacteroidetes	Flavobacteriia	Flavobacteriales	Flavobacteriaceae	Jejuia
A0A1N6FFI1	Bacteria	Bacteroidetes	Cytophagia	Cytophagales	Cyclobacteriaceae	Algoriphagus
A0A4R4Y0N5	Bacteria	Actinobacteria	Pseudonocardiales	Pseudonocardiaceae	Saccharopolyspora	unclassified Saccharopolyspora
A0A1M4TLN4	Bacteria	Proteobacteria	Gammaproteobacteria	Oceanospirillales	Halomonadaceae	Halomonas
A0A2D7TY77	Bacteria	Proteobacteria	Alphaproteobacteria	SAR116 cluster
A0A453RRY8	Eukaryota	Viridiplantae	Streptophyta	Embryophyta	Tracheophyta	Spermatophyta	Magnoliopsida	Liliopsida	Poales	Poaceae	BOP clade	Pooideae	Triticodae	Triticeae	Triticinae	Aegilops
C4Y276	Eukaryota	Fungi	Dikarya	Ascomycota	Saccharomycotina	Saccharomycetes	Saccharomycetales	Metschnikowiaceae	Clavispora
A0A2J6Q754	Eukaryota	Fungi	Dikarya	Ascomycota	Pezizomycotina	Leotiomycetes	Helotiales	Hyaloscyphaceae	Hyaloscypha
A0A537S4P3	Bacteria	Proteobacteria	Alphaproteobacteria
A0A536H6V8	Bacteria	Chloroflexi
Q3SFC9	Bacteria	Proteobacteria	Betaproteobacteria	Nitrosomonadales	Thiobacillaceae	Thiobacillus
A0A2E1JLY4	Bacteria	Proteobacteria	Gammaproteobacteria
Q11NN5	Bacteria	Bacteroidetes	Cytophagia	Cytophagales	Cytophagaceae	Cytophaga
A0A2E9UHV1	Bacteria	Balneolaeota	Balneolia	Balneolales	Balneolaceae	Balneola
A0A1B6C5B1	Eukaryota	Metazoa	Ecdysozoa	Arthropoda	Hexapoda	Insecta	Pterygota	Neoptera	Paraneoptera	Hemiptera	Auchenorrhyncha	Cercopoidea	Clastopteridae	Clastoptera
A0A4Q6BEJ0	Bacteria	Proteobacteria
A6FE96	Bacteria	Proteobacteria	Gammaproteobacteria	Alteromonadales	Moritellaceae	Moritella	unclassified Moritella
A0A0S6VZF5	Bacteria
A0A520UHA1	Bacteria	Bacteroidetes	Flavobacteriia	Flavobacteriales
A0A3B9GE74	Bacteria	Verrucomicrobia	Verrucomicrobiae	Verrucomicrobiales
A0A2A2Q1A6	Bacteria	Verrucomicrobia	Verrucomicrobiae	unclassified Verrucomicrobiae
A0A0G4LHI5	Eukaryota	Fungi	Dikarya	Ascomycota	Pezizomycotina	Sordariomycetes	Hypocreomycetidae	Glomerellales	Plectosphaerellaceae	Verticillium
I1C5D1	Eukaryota	Fungi	Fungi incertae sedis	Mucoromycota	Mucoromycotina	Mucoromycetes	Mucorales	Mucorineae	Rhizopodaceae	Rhizopus
A0A534BHG5	Bacteria	Proteobacteria	Gammaproteobacteria
A0A110B057	Bacteria	Bacteroidetes	Sphingobacteriia	Sphingobacteriales	Sphingobacteriaceae	Mucilaginibacter
A0A2T7BFV5	Bacteria	Bacteroidetes	Chitinophagia	Chitinophagales	Chitinophagaceae	Chitinophaga
A0A2T1CNL7	Bacteria	Cyanobacteria	Pleurocapsales	Hyellaceae	Pleurocapsa	unclassified Pleurocapsa
H0ESC2	Eukaryota	Fungi	Dikarya	Ascomycota	Pezizomycotina	Leotiomycetes	Helotiales	Helotiaceae	Glarea
A0A537CZ99	Bacteria	Proteobacteria	Betaproteobacteria
A0A4Q3WHI4	Bacteria
A0A5B8SRC4	Bacteria	Proteobacteria	Gammaproteobacteria	Oceanospirillales	Halomonadaceae	Pistricoccus
R7Z7F0	Eukaryota	Fungi	Dikarya	Ascomycota	Pezizomycotina	Dothideomycetes	Dothideomycetes incertae sedis	Bonordeniella
A0A1J0LK77	Bacteria	Bacteroidetes	Flavobacteriia	Flavobacteriales	Flavobacteriaceae
A0A5B7UG53	Bacteria	Bacteroidetes	Flavobacteriia	Flavobacteriales	Weeksellaceae	Elizabethkingia	unclassified Elizabethkingia
A0A1W9IZE7	Bacteria	Nitrospirae	Nitrospirales	Nitrospiraceae	Nitrospira	unclassified Nitrospira
V5FVV3	Eukaryota	Fungi	Dikarya	Ascomycota	Pezizomycotina	Eurotiomycetes	Eurotiomycetidae	Eurotiales	Thermoascaceae	Byssochlamys
D7FUH0	Eukaryota	Sar	Stramenopiles	Ochrophyta	PX clade	Phaeophyceae	Ectocarpales	Ectocarpaceae	Ectocarpus
A0A4P6XQB1	Eukaryota	Fungi	Dikarya	Ascomycota	Saccharomycotina	Saccharomycetes	Saccharomycetales	Metschnikowiaceae	Metschnikowia
A0A0R2QIH7	Bacteria	Actinobacteria
R1GFB7	Eukaryota	Fungi	Dikarya	Ascomycota	Pezizomycotina	Dothideomycetes	Dothideomycetes incertae sedis	Botryosphaeriales	Botryosphaeriaceae	Neofusicoccum
A0A3C2AYJ4	Bacteria	Firmicutes	Clostridia	Clostridiales	Lachnospiraceae
X8HSP0	Bacteria	Actinobacteria	Coriobacteriia	Coriobacteriales	Atopobiaceae	Olsenella
A0A3T1DUE2	Bacteria	Proteobacteria	Gammaproteobacteria	Oceanospirillales	Halomonadaceae	Halomonas
A0A2D5VRZ0	Bacteria	Proteobacteria	Gammaproteobacteria	Pseudomonadales	Pseudomonadaceae	Pseudomonas
A0A101HQN6	Bacteria	Thermotogae	Petrotogales	Petrotogaceae	Petrotoga
A0A101EHR2	Bacteria	Thermotogae	Petrotogales	Petrotogaceae	Petrotoga
A0A109Q1I9	Bacteria	Bacteroidetes	Flavobacteriia	Flavobacteriales	Flavobacteriaceae	Flavobacterium
A0A4P9Y5B7	Eukaryota	Fungi	Fungi incertae sedis	Zoopagomycota	Zoopagomycotina	Zoopagomycetes	Zoopagales	Piptocephalidaceae	Piptocephalis
A0A1E5UER7	Bacteria	Bacteroidetes	Flavobacteriia	Flavobacteriales	Weeksellaceae
A0A225UM42	Eukaryota	Sar	Stramenopiles	Oomycota	Peronosporales	Peronosporaceae	Phytophthora
A0A535P7T4	Bacteria	Chloroflexi
A0A4Q2YK42	Bacteria	Verrucomicrobia	Verrucomicrobiae	Verrucomicrobiales	Verrucomicrobiaceae	unclassified Verrucomicrobiaceae
A0A5N6KXY9	Eukaryota	Viridiplantae	Streptophyta	Embryophyta	Tracheophyta	Spermatophyta	Magnoliopsida	eudicotyledons	Gunneridae	Pentapetalae	rosids	fabids	Fagales	Betulaceae	Carpinus
A0A4V1ZTS0	Bacteria	Bacteroidetes	Cytophagia	Cytophagales	Cytophagaceae
A0A094ALY3	Eukaryota	Fungi	Dikarya	Ascomycota	Pezizomycotina	Leotiomycetes	Leotiomycetes incertae sedis	Pseudeurotiaceae	Pseudogymnoascus	unclassified Pseudogymnoascus
A0A5B8V713	Bacteria	Bacteroidetes	Chitinophagia	Chitinophagales	Chitinophagaceae	Panacibacter
A0A2T7DAV6	Eukaryota	Viridiplantae	Streptophyta	Embryophyta	Tracheophyta	Spermatophyta	Magnoliopsida	Liliopsida	Poales	Poaceae	PACMAD clade	Panicoideae	Panicodae	Paniceae	Panicinae	Panicum	Panicum sect. Panicum
A0A524AY65	Bacteria	Proteobacteria	Gammaproteobacteria
A0A2E6IJY2	Bacteria	Bacteroidetes	Flavobacteriia	Flavobacteriales	Flavobacteriaceae
A0A382CUK4	unclassified sequences	metagenomes	ecological metagenomes
A0A1Y3K1Q6	Bacteria	Cyanobacteria	Synechococcales	Prochloraceae	Prochlorococcus	unclassified Prochlorococcus
A0A0C7N3Y6	Eukaryota	Fungi	Dikarya	Ascomycota	Saccharomycotina	Saccharomycetes	Saccharomycetales	Saccharomycetaceae	Lachancea
A0A3D3QIB5	Bacteria	Gemmatimonadetes
A0A1M9UPC3	Bacteria	Actinobacteria	Corynebacteriales	Mycobacteriaceae	Mycobacteroides	Mycobacteroides abscessus
A0A519FJS7	Bacteria	Proteobacteria	Betaproteobacteria	Burkholderiales	Comamonadaceae	Variovorax
A0A2G8S7L1	Eukaryota	Fungi	Dikarya	Basidiomycota	Agaricomycotina	Agaricomycetes	Polyporales	Polyporaceae	Ganoderma
A0A0F9Z8W6	Bacteria	Candidatus Peregrinibacteria
A0A1M3GRV3	Bacteria	Bacteroidetes	Sphingobacteriia	Sphingobacteriales
A0A4U3KXP7	Bacteria	Bacteroidetes	Chitinophagia	Chitinophagales	Chitinophagaceae	Ilyomonas
A0A2T4B261	Eukaryota	Fungi	Dikarya	Ascomycota	Pezizomycotina	Sordariomycetes	Hypocreomycetidae	Hypocreales	Hypocreaceae	Trichoderma
A0A2G3CHU1	Eukaryota	Viridiplantae	Streptophyta	Embryophyta	Tracheophyta	Spermatophyta	Magnoliopsida	eudicotyledons	Gunneridae	Pentapetalae	asterids	lamiids	Solanales	Solanaceae	Solanoideae	Capsiceae	Capsicum
Q73TT7	Bacteria	Actinobacteria	Corynebacteriales	Mycobacteriaceae	Mycobacterium	Mycobacterium avium complex (MAC)
A0A2I7W2S5	Bacteria	Actinobacteria	Corynebacteriales	Mycobacteriaceae	Mycobacterium	Mycobacterium tuberculosis complex
A0A1Q3CQ05	Eukaryota	Viridiplantae	Streptophyta	Embryophyta	Tracheophyta	Spermatophyta	Magnoliopsida	eudicotyledons	Gunneridae	Pentapetalae	rosids	fabids	Oxalidales	Cephalotaceae	Cephalotus
A0A097A5R3	Bacteria	Proteobacteria	Gammaproteobacteria
A0A3E0KPQ3	Bacteria	Firmicutes
J4HWA4	Eukaryota	Fungi	Dikarya	Basidiomycota	Agaricomycotina	Agaricomycetes	Polyporales	Polyporales incertae sedis	Fibroporia
A0A1F6RK25	Bacteria	Candidatus Melainabacteria	unclassified Candidatus Melainabacteria
A0A2E0KQH2	Bacteria	Bacteroidetes	Flavobacteriia	Flavobacteriales	Flavobacteriaceae
A0A0D6DUM1	Bacteria	Firmicutes	Bacilli	Lactobacillales	Streptococcaceae	Lactococcus
A0A0D2D141	Eukaryota	Fungi	Dikarya	Ascomycota	Pezizomycotina	Eurotiomycetes	Chaetothyriomycetidae	Chaetothyriales	Herpotrichiellaceae	Exophiala
W4VJT8	Bacteria	Firmicutes	Bacilli	Bacillales	Bacillaceae	Gracilibacillus
A0A4Y4AT47	Bacteria	Bacteroidetes	Flavobacteriia	Flavobacteriales	Flavobacteriaceae	Flavobacterium
M2XUE3	Eukaryota	Rhodophyta	Bangiophyceae	Cyanidiales	Cyanidiaceae	Galdieria
A0A2D6ARA3	Bacteria	Bacteroidetes	Cytophagia	Cytophagales	Flammeovirgaceae	unclassified Flammeovirgaceae
K0VXU6	Bacteria	Proteobacteria	Alphaproteobacteria	Rhizobiales	Rhizobiaceae	Rhizobium/Agrobacterium group	Rhizobium
A0A3D2AWZ6	Bacteria	Chloroflexi	Dehalococcoidia
Q02139	Bacteria	Firmicutes	Bacilli	Lactobacillales	Streptococcaceae	Lactococcus
A0A0Q0V5Z6	Bacteria	Bacteroidetes	Sphingobacteriia	Sphingobacteriales	Sphingobacteriaceae	Pedobacter	unclassified Pedobacter
A0A085BIZ2	Bacteria	Bacteroidetes	Flavobacteriia	Flavobacteriales	Weeksellaceae	Chryseobacterium group	Chryseobacterium
A0A409YS69	Eukaryota	Fungi	Dikarya	Basidiomycota	Agaricomycotina	Agaricomycetes	Agaricomycetidae	Agaricales	Cortinariaceae	Gymnopilus
A0A2M6GK47	Bacteria	Bacteroidetes	Cytophagia	Cytophagales
A0A485JM67	Bacteria	Proteobacteria	Gammaproteobacteria	Enterobacterales	Enterobacteriaceae	Escherichia
A0A1E4I0Z6	Bacteria	Actinobacteria	Pseudonocardiales	Pseudonocardiaceae	Pseudonocardia	unclassified Pseudonocardia
A0A1X2GSH6	Eukaryota	Fungi	Fungi incertae sedis	Mucoromycota	Mucoromycotina	Mucoromycetes	Mucorales	Cunninghamellaceae	Hesseltinella
A0A2B4R522	Eukaryota	Metazoa	Cnidaria	Anthozoa	Hexacorallia	Scleractinia	Astrocoeniina	Pocilloporidae	Stylophora
A0A388P7N4	Bacteria	Verrucomicrobia	Opitutae
A0A3B9ZRL2	Bacteria	Bacteroidetes	Bacteroidia	Marinilabiliales	Prolixibacteraceae
A0A651GII4	Bacteria	Actinobacteria	Nitriliruptoria	Nitriliruptorales	Nitriliruptoraceae	Nitriliruptor	unclassified Nitriliruptor
A0A1D7QF59	Bacteria	Bacteroidetes	Sphingobacteriia	Sphingobacteriales	Sphingobacteriaceae	Pedobacter
A0A0K2RRK0	Bacteria	Actinobacteria	Micrococcales	Micrococcaceae	Arthrobacter
A0A4R6XRA7	Bacteria	Proteobacteria	Gammaproteobacteria	Oceanospirillales	Alcanivoracaceae	Marinicella
A0A2T4CWB4	Bacteria	Proteobacteria	Gammaproteobacteria	Alteromonadales	Idiomarinaceae	Pseudidiomarina
A0A0M2LXQ0	Bacteria	Actinobacteria	Micrococcales	Microbacteriaceae	Leucobacter	unclassified Leucobacter
A0A193G2B0	Bacteria	Proteobacteria	Betaproteobacteria	Burkholderiales	Alcaligenaceae	Bordetella
A0A0S4VMY9	Bacteria	Proteobacteria	Betaproteobacteria	Burkholderiales	Burkholderiaceae	Ralstonia
A0A3M1LIN1	Archaea	Thaumarchaeota
A0A1Y5EUM3	Bacteria	Proteobacteria	Gammaproteobacteria	Thiotrichales	Piscirickettsiaceae	Cycloclasticus	unclassified Cycloclasticus
R7ZT72	Bacteria	Bacteroidetes	Cytophagia	Cytophagales	Cyclobacteriaceae
A0A094SI49	unclassified sequences	metagenomes	ecological metagenomes
A0A1F8XJU3	Bacteria	Proteobacteria	Deltaproteobacteria
A0A4P2VLL6	Bacteria	Proteobacteria	Oligoflexia	Silvanigrellales	unclassified Silvanigrellales
A0A2A5E2C3	Bacteria	Planctomycetes
A0A2E5C1T3	Bacteria	Proteobacteria	Deltaproteobacteria
A0A1E3BK08	Eukaryota	Fungi	Dikarya	Ascomycota	Pezizomycotina	Eurotiomycetes	Eurotiomycetidae	Eurotiales	Aspergillaceae	Aspergillus
A0A2E0PVG5	Bacteria	Proteobacteria	Gammaproteobacteria	Legionellales	unclassified Legionellales
A0A1D6KMD0	Eukaryota	Viridiplantae	Streptophyta	Embryophyta	Tracheophyta	Spermatophyta	Magnoliopsida	Liliopsida	Poales	Poaceae	PACMAD clade	Panicoideae	Andropogonodae	Andropogoneae	Tripsacinae	Zea
A0A1Y1WKN3	Eukaryota	Fungi	Fungi incertae sedis	Zoopagomycota	Kickxellomycotina	Kickxellomycetes	Kickxellales	Kickxellaceae	Linderina
F0RJQ7	Bacteria	Deinococcus-Thermus	Deinococci	Deinococcales	Deinococcaceae	Deinococcus
A0A098LC93	Bacteria	Bacteroidetes	Cytophagia	Cytophagales	Cytophagaceae	Sporocytophaga
T0R423	Eukaryota	Sar	Stramenopiles	Oomycota	Saprolegniales	Saprolegniaceae	Saprolegnia
A0A1W1E3Y5	unclassified sequences	metagenomes	ecological metagenomes
S0EY42	Bacteria	Armatimonadetes	Chthonomonadetes	Chthonomonadales	Chthonomonadaceae	Chthonomonas
A0A3B8TX87	Bacteria	Proteobacteria	Gammaproteobacteria	Pseudomonadales	Pseudomonadaceae	Pseudomonas
A0A259EVY3	Bacteria	Proteobacteria	Hydrogenophilalia	Hydrogenophilales
A0A517L045	Eukaryota	Fungi	Dikarya	Ascomycota	Pezizomycotina	Dothideomycetes	Pleosporomycetidae	Venturiales	Venturiaceae	Venturia
A0A5E6Y1T2	Bacteria	Proteobacteria	Gammaproteobacteria	Pseudomonadales	Pseudomonadaceae	Pseudomonas
G3B4Y8	Eukaryota	Fungi	Dikarya	Ascomycota	Saccharomycotina	Saccharomycetes	Saccharomycetales	Debaryomycetaceae	Yamadazyma
A0A2D5UDC4	Bacteria	Nitrospinae/Tectomicrobia group	Nitrospinae
A0A0B6DVU3	Bacteria	Proteobacteria	Gammaproteobacteria	Thiotrichales	Francisellaceae	Francisella
A0A533Z6E3	Bacteria	Nitrospirae
A0A432J6Q5	Bacteria	Bacteroidetes	Flavobacteriia
A0A1E4TR67	Eukaryota	Fungi	Dikarya	Ascomycota	Saccharomycotina	Saccharomycetes	Saccharomycetales	Saccharomycetaceae	Pachysolen
A0A4V5NBT2	Eukaryota	Fungi	Dikarya	Basidiomycota	Pucciniomycotina	Microbotryomycetes	Sporidiobolales	Sporidiobolaceae	Rhodotorula	unclassified Rhodotorula
A0A1R1PHF1	Eukaryota	Fungi	Fungi incertae sedis	Zoopagomycota	Kickxellomycotina	Harpellomycetes	Harpellales	Legeriomycetaceae	Zancudomyces
A0A0L1IPV0	Eukaryota	Fungi	Dikarya	Ascomycota	Pezizomycotina	Eurotiomycetes	Eurotiomycetidae	Eurotiales	Aspergillaceae	Aspergillus
A0A086BJW4	Bacteria	Bacteroidetes	Flavobacteriia	Flavobacteriales	Weeksellaceae	Chryseobacterium group	Chryseobacterium
A0A2E4TV57	Archaea	Euryarchaeota
A0A3E1DYP5	Bacteria	Verrucomicrobia
A0A0E9NSB4	Eukaryota	Fungi	Dikarya	Ascomycota	Taphrinomycotina	Taphrinomycotina incertae sedis	Saitoella
A0A3A0VEJ2	Bacteria	Firmicutes	Bacilli	Bacillales	Staphylococcaceae	Staphylococcus
A0A6A5P132	Eukaryota	Viridiplantae	Streptophyta	Embryophyta	Tracheophyta	Spermatophyta	Magnoliopsida	eudicotyledons	Gunneridae	Pentapetalae	rosids	fabids	Fabales	Fabaceae	Papilionoideae	50 kb inversion clade	genistoids sensu lato	core genistoids	Genisteae	Lupinus
U5BRX1	Bacteria	Bacteroidetes	Cytophagia	Cytophagales	Cytophagaceae	Rhodonellum
A0A2D6ZNV3	Bacteria	Proteobacteria	Gammaproteobacteria
A0A1B8P6C3	Bacteria	Proteobacteria	Gammaproteobacteria	Oceanospirillales	Halomonadaceae	Halomonas
A0A2E0SIZ7	Bacteria	Planctomycetes	Planctomycetia	Planctomycetales	Planctomycetaceae	Planctomyces	unclassified Planctomyces
A0A0M3T1W8	Bacteria	Proteobacteria	Gammaproteobacteria	Candidatus Thioglobus
A0A176S3E0	Bacteria	Proteobacteria	Gammaproteobacteria	Thiotrichales	Thiotrichaceae	Thiomargarita
A0A258G6Y7	Bacteria	Proteobacteria	Alphaproteobacteria	Sphingomonadales	Sphingomonadaceae	Sphingomonas
A0A2R6C6E5	Archaea	Candidatus Marsarchaeota	Candidatus Marsarchaeota group 2
A0A2E9KV40	Bacteria	Spirochaetes	Spirochaetales
K2B8G0	Bacteria	environmental samples
A0A2N6G5M3	Bacteria	Proteobacteria	Epsilonproteobacteria	Campylobacterales	Campylobacteraceae	Arcobacter group	Arcobacter
A0A149SWP0	Bacteria	Proteobacteria	Alphaproteobacteria	Rhodospirillales	Acetobacteraceae	Gluconobacter
A0A1B6K595	Eukaryota	Metazoa	Ecdysozoa	Arthropoda	Hexapoda	Insecta	Pterygota	Neoptera	Paraneoptera	Hemiptera	Auchenorrhyncha	Membracoidea	Cicadellidae	Cicadellinae	Proconiini	Homalodisca
A8QAI2	Eukaryota	Fungi	Dikarya	Basidiomycota	Ustilaginomycotina	Malasseziomycetes	Malasseziales	Malasseziaceae	Malassezia
A0A383CZ37	unclassified sequences	metagenomes	ecological metagenomes
A0A3N5K4T5	Bacteria	Actinobacteria
A0A3M2HTP3	Bacteria	Proteobacteria	Gammaproteobacteria	Xanthomonadales	Xanthomonadaceae	Lysobacter
A0A2D7RH55	Bacteria	Bacteroidetes	Flavobacteriia	Flavobacteriales	Flavobacteriaceae
A0A086SZV1	Eukaryota	Fungi	Dikarya	Ascomycota	Pezizomycotina	Sordariomycetes	Hypocreomycetidae	Hypocreales	Hypocreales incertae sedis	Acremonium
A0A0G4L0E0	Eukaryota	Fungi	Dikarya	Ascomycota	Pezizomycotina	Sordariomycetes	Hypocreomycetidae	Glomerellales	Plectosphaerellaceae	Verticillium
R7JWD8	Bacteria	Firmicutes	Clostridia	Clostridiales	Lachnospiraceae	Blautia	environmental samples
A0A3M6ZLS5	Eukaryota	Fungi	Dikarya	Ascomycota	Pezizomycotina	Dothideomycetes	Dothideomycetidae	Mycosphaerellales	Teratosphaeriaceae	Hortaea
A0A352KS59	Bacteria	Proteobacteria	Gammaproteobacteria
A0A4Q3CDZ8	Bacteria	Bacteroidetes	Sphingobacteriia	Sphingobacteriales
A0A1Q9DGX7	Eukaryota	Sar	Alveolata	Dinophyceae	Suessiales	Symbiodiniaceae	Symbiodinium
A0A2S8BHE1	Bacteria	Actinobacteria	Corynebacteriales	Mycobacteriaceae	Mycobacterium
A0A518KW33	Bacteria	Planctomycetes
A0A355B8B1	Bacteria	Nitrospinae/Tectomicrobia group	Nitrospinae
A0A1I6SHV0	Bacteria	Bacteroidetes	Bacteroidia	Bacteroidales	Porphyromonadaceae	unclassified Porphyromonadaceae
A0A0C1LJW6	Bacteria	Bacteroidetes	Chitinophagia	Chitinophagales	Chitinophagaceae	Flavihumibacter
S8A5Y3	Eukaryota	Fungi	Dikarya	Ascomycota	Pezizomycotina	Orbiliomycetes	Orbiliales	Orbiliaceae	Dactylellina
I2GS68	Bacteria	Bacteroidetes	Cytophagia	Cytophagales	Cytophagaceae	Fibrisoma
A0A368CZM4	Bacteria	Bacteroidetes	Flavobacteriia	Flavobacteriales	Cryomorphaceae	unclassified Cryomorphaceae
A0A351L6W2	Bacteria	Cyanobacteria
A0A3B1DCY8	unclassified sequences	metagenomes	ecological metagenomes
A0A3B1D1K0	unclassified sequences	metagenomes	ecological metagenomes
Q9A6N2	Bacteria	Proteobacteria	Alphaproteobacteria	Caulobacterales	Caulobacteraceae	Caulobacter
A0A523AAD4	Archaea	Euryarchaeota	Archaeoglobi	unclassified Archaeoglobi
A0A364KLY7	Eukaryota	Fungi	Dikarya	Ascomycota	Pezizomycotina	Eurotiomycetes	Eurotiomycetidae	Eurotiales	Trichocomaceae	Talaromyces	Talaromyces sect. Talaromyces
R9GL11	Bacteria	Bacteroidetes	Sphingobacteriia	Sphingobacteriales	Sphingobacteriaceae	Arcticibacter
A4RUR5	Eukaryota	Viridiplantae	Chlorophyta	Mamiellophyceae	Mamiellales	Bathycoccaceae	Ostreococcus	unclassified Ostreococcus
A0A0Q5V936	Bacteria	Actinobacteria	Geodermatophilales	Geodermatophilaceae	Geodermatophilus	unclassified Geodermatophilus
A0A351U764	Bacteria	Proteobacteria	Deltaproteobacteria	Syntrophobacterales	Syntrophorhabdaceae	Syntrophorhabdus
A0A507R6L9	Eukaryota	Fungi	Dikarya	Ascomycota	Pezizomycotina	Eurotiomycetes	Eurotiomycetidae	Eurotiales	Aspergillaceae	Monascus
A0A481UJA7	Eukaryota	Viridiplantae	Streptophyta	Embryophyta	Tracheophyta	Spermatophyta	Magnoliopsida	eudicotyledons	Gunneridae	Pentapetalae	rosids	fabids	Malpighiales	Euphorbiaceae	Crotonoideae	Micrandreae	Hevea
L7YDJ7	Bacteria	Bacteroidetes	Flavobacteriia	Flavobacteriales	Blattabacteriaceae	Blattabacterium	unclassified Blattabacterium
U4UWR9	Bacteria	Proteobacteria	Alphaproteobacteria	Rhodobacterales	Rhodobacteraceae
A0A383VG65	Eukaryota	Viridiplantae	Chlorophyta	core chlorophytes	Chlorophyceae	Sphaeropleales	Scenedesmaceae	Tetradesmus
A0A2C9W7N6	Eukaryota	Viridiplantae	Streptophyta	Embryophyta	Tracheophyta	Spermatophyta	Magnoliopsida	eudicotyledons	Gunneridae	Pentapetalae	rosids	fabids	Malpighiales	Euphorbiaceae	Crotonoideae	Manihoteae	Manihot
J3NXL0	Eukaryota	Fungi	Dikarya	Ascomycota	Pezizomycotina	Sordariomycetes	Sordariomycetidae	Magnaporthales	Magnaporthaceae	Gaeumannomyces
G4T1P9	Bacteria	Proteobacteria	Gammaproteobacteria	Methylococcales	Methylococcaceae	Methylomicrobium
A0A0D2D7I2	Eukaryota	Fungi	Dikarya	Ascomycota	Pezizomycotina	Eurotiomycetes	Chaetothyriomycetidae	Chaetothyriales	Herpotrichiellaceae	Exophiala
A0A381XHT8	unclassified sequences	metagenomes	ecological metagenomes
A0A351GL28	Bacteria	Proteobacteria	Alphaproteobacteria	Rhodobacterales	Rhodobacteraceae
A0A3S5JEW4	Bacteria	Proteobacteria	Gammaproteobacteria
A0A0G4H720	Eukaryota	Sar	Alveolata	Colpodellida	Vitrellaceae	Vitrella
A0A3M1YGB3	Bacteria	Chloroflexi
A0A3E0QI85	Bacteria	Proteobacteria
A0A2E8IG05	Bacteria	Bacteroidetes	Flavobacteriia	Flavobacteriales	Flavobacteriaceae	Leeuwenhoekiella
A0A495BL06	Bacteria	Acidobacteria	Acidobacteriales	Acidobacteriaceae	Edaphobacter
A0A2E5D537	Bacteria	Verrucomicrobia	Verrucomicrobiae	Verrucomicrobiales	Verrucomicrobiaceae	Roseibacillus	unclassified Roseibacillus
A0A1X7JBI9	Bacteria	Bacteroidetes	Sphingobacteriia	Sphingobacteriales	Sphingobacteriaceae	Sphingobacterium
A0A411YIT8	Bacteria	Actinobacteria	Nitriliruptoria	Egibacterales	Egibacteraceae	Egibacter
A0A0Q6FQ16	Bacteria	Actinobacteria	Propionibacteriales	Nocardioidaceae	Marmoricola	unclassified Marmoricola
A0A433QLM0	Eukaryota	Fungi	Fungi incertae sedis	Mucoromycota	Mucoromycotina	Endogonomycetes	Endogonales	Endogonaceae	Jimgerdemannia
G8TK69	Bacteria	Bacteroidetes	Chitinophagia	Chitinophagales	Chitinophagaceae	Niastella
A0A5D8YS43	Bacteria	Bacteroidetes	Sphingobacteriia	Sphingobacteriales	Sphingobacteriaceae	Pedobacter	unclassified Pedobacter
A0A522DTJ9	Bacteria	Bacteroidetes	Chitinophagia	Chitinophagales	Chitinophagaceae	unclassified Chitinophagaceae
A0A0C9YWS6	Eukaryota	Fungi	Dikarya	Basidiomycota	Agaricomycotina	Agaricomycetes	Agaricomycetidae	Boletales	Sclerodermatineae	Pisolithaceae	Pisolithus
A0A5C7USM2	Bacteria	Bacteroidetes	Sphingobacteriia	Sphingobacteriales	Sphingobacteriaceae	Pedobacter	unclassified Pedobacter
A0A4Q6A6S1	Bacteria	Bacteroidetes	Chitinophagia	Chitinophagales	Chitinophagaceae	unclassified Chitinophagaceae
A0A0S7YQA1	Bacteria	Gemmatimonadetes	Gemmatimonadales	Gemmatimonadaceae	Gemmatimonas	unclassified Gemmatimonas
A0A0N7HWS4	Bacteria	Bacteroidetes	Cytophagia	Cytophagales	Hymenobacteraceae	Rufibacter
A0A3F3I6C9	Bacteria	Balneolaeota	Balneolia	Balneolales	Balneolaceae	Balneola
A0A2E2WST9	Bacteria	Proteobacteria	Gammaproteobacteria
A0A317GXQ4	Bacteria	Bacteroidetes
A0A1F3ZD78	Bacteria	Proteobacteria	Betaproteobacteria
A0A4T0CKX6	Eukaryota	Fungi	Dikarya	Ascomycota	Pezizomycotina	Dothideomycetes	Dothideomycetidae	Dothideales	Saccotheciaceae	Aureobasidium
A0A4Q5RF28	Bacteria	Bacteroidetes	Sphingobacteriia	Sphingobacteriales	Sphingobacteriaceae
A0A1P8M2U1	Bacteria	Actinobacteria	Micrococcales	Micrococcaceae	Arthrobacter
A0A1G3BFV5	Bacteria	Planctomycetes
A0A2E9VY52	Bacteria	Bacteroidetes	Flavobacteriia	Flavobacteriales	Flavobacteriaceae
A0A1Q4GP32	Bacteria	Proteobacteria	Betaproteobacteria	Nitrosomonadales	Thiobacillaceae	Thiobacillus	unclassified Thiobacillus
A0A352L357	Bacteria	Planctomycetes	Planctomycetia	Planctomycetales	Planctomycetaceae
A0A355JU48	Bacteria	Proteobacteria	Gammaproteobacteria	Oceanospirillales	Alcanivoracaceae	Alcanivorax	unclassified Alcanivorax
A0A1C7M1E2	Eukaryota	Fungi	Dikarya	Basidiomycota	Agaricomycotina	Agaricomycetes	Polyporales	Grifolaceae	Grifola
A0A0S2JJY2	Bacteria	Proteobacteria	Gammaproteobacteria	Alteromonadales	Colwelliaceae	Colwellia
B6K5X3	Eukaryota	Fungi	Dikarya	Ascomycota	Taphrinomycotina	Schizosaccharomycetes	Schizosaccharomycetales	Schizosaccharomycetaceae	Schizosaccharomyces
A0A1E4T575	Eukaryota	Fungi	Dikarya	Ascomycota	Saccharomycotina	Saccharomycetes	Saccharomycetales	Pichiaceae	Ogataea	Ogataea/Candida clade
A0A061SD79	Eukaryota	Viridiplantae	Chlorophyta	core chlorophytes	Chlorodendrophyceae	Chlorodendrales	Chlorodendraceae	Tetraselmis	unclassified Tetraselmis
A0A1Q8BL42	Bacteria	Cyanobacteria
A0A1I1L7H5	Bacteria	Bacteroidetes	Sphingobacteriia	Sphingobacteriales	Sphingobacteriaceae	Parapedobacter
A0A533ZCT5	Bacteria	Nitrospirae
A0A0G4NG38	Eukaryota	Fungi	Dikarya	Ascomycota	Pezizomycotina	Sordariomycetes	Hypocreomycetidae	Glomerellales	Plectosphaerellaceae	Verticillium
A0A2T4AWH7	Eukaryota	Fungi	Dikarya	Ascomycota	Pezizomycotina	Sordariomycetes	Hypocreomycetidae	Hypocreales	Hypocreaceae	Trichoderma
A0A3D5L1D5	Bacteria	Firmicutes	Clostridia	Clostridiales	Lachnospiraceae
A0A2E4KW98	Bacteria	Proteobacteria	Gammaproteobacteria
A0A4Q3HCJ9	Bacteria	Bacteroidetes	Sphingobacteriia	Sphingobacteriales
A0A1E3IFK9	Eukaryota	Fungi	Dikarya	Basidiomycota	Agaricomycotina	Tremellomycetes	Tremellales	Cryptococcaceae	Cryptococcus
A0A376E6T7	Bacteria	Bacteroidetes	Flavobacteriia	Flavobacteriales	Weeksellaceae	Chryseobacterium group	Chryseobacterium
A0A661F2B4	Bacteria	Proteobacteria	Gammaproteobacteria
A0A4P5RUP2	Bacteria	Actinobacteria
A0A661C313	Bacteria	Proteobacteria	Gammaproteobacteria
A0A354FGP7	Bacteria	Firmicutes	Clostridia	Clostridiales	Peptococcaceae
A0A4Q3EM57	Bacteria	Bacteroidetes	Sphingobacteriia	Sphingobacteriales	Sphingobacteriaceae
A0A3S0DQE5	Bacteria	Bacteroidetes	Sphingobacteriia	Sphingobacteriales
A0A2E4YBD6	Bacteria	Proteobacteria	Gammaproteobacteria
A0A2C5YKJ4	Eukaryota	Fungi	Dikarya	Ascomycota	Pezizomycotina	Sordariomycetes	Hypocreomycetidae	Hypocreales	Ophiocordycipitaceae	Ophiocordyceps
X0PJ78	Bacteria	Firmicutes	Bacilli	Lactobacillales	Lactobacillaceae	Lentilactobacillus
A0A3N5SP64	Bacteria	Planctomycetes	Planctomycetia	Planctomycetales	Planctomycetaceae
A0JXZ9	Bacteria	Actinobacteria	Micrococcales	Micrococcaceae	Arthrobacter
A0A357JGB2	Bacteria	Bacteroidetes	Flavobacteriia	Flavobacteriales	Flavobacteriaceae
S8EJI8	Eukaryota	Fungi	Dikarya	Basidiomycota	Agaricomycotina	Agaricomycetes	Polyporales	Fomitopsis
A0A661PK69	Bacteria	Proteobacteria	Deltaproteobacteria
A0A1M4YX19	Bacteria	Bacteroidetes	Chitinophagia	Chitinophagales	Chitinophagaceae	Flavisolibacter
A0A521ZAI9	Bacteria	Verrucomicrobia
A0A2E3ACK0	Bacteria	Bacteroidetes	Flavobacteriia	Flavobacteriales
A0A0H2UEQ1	Eukaryota	Fungi	Dikarya	Ascomycota	Pezizomycotina	Sordariomycetes	Sordariomycetidae	Magnaporthales	Magnaporthaceae	Magnaporthiopsis
A0A4Y4B1G7	Bacteria	Bacteroidetes	Flavobacteriia	Flavobacteriales	Flavobacteriaceae	Flavobacterium
S2Z2D2	Bacteria	Actinobacteria	Corynebacteriales	Corynebacteriaceae	Corynebacterium
A0A519GQQ0	Bacteria	Actinobacteria	Micrococcales	Microbacteriaceae	Microbacterium
A0A4V6P322	Bacteria	Bacteroidetes	Sphingobacteriia	Sphingobacteriales	Sphingobacteriaceae	Sphingobacterium
A0A350AW98	Bacteria	Verrucomicrobia	Opitutae
A0A251SF95	Eukaryota	Viridiplantae	Streptophyta	Embryophyta	Tracheophyta	Spermatophyta	Magnoliopsida	eudicotyledons	Gunneridae	Pentapetalae	asterids	campanulids	Asterales	Asteraceae	Asteroideae	Heliantheae alliance	Heliantheae	Helianthus
A0A2V7ICI2	Bacteria	Gemmatimonadetes
A0A0J0XVT2	Eukaryota	Fungi	Dikarya	Basidiomycota	Agaricomycotina	Tremellomycetes	Trichosporonales	Trichosporonaceae	Cutaneotrichosporon
A0A3D4JXK6	Bacteria	Bacteroidetes	Flavobacteriia	Flavobacteriales	Weeksellaceae	Chryseobacterium group	Chryseobacterium
A0A4Q3AWT9	Bacteria	Bacteroidetes	Sphingobacteriia	Sphingobacteriales
A0A287WNK8	Eukaryota	Viridiplantae	Streptophyta	Embryophyta	Tracheophyta	Spermatophyta	Magnoliopsida	Liliopsida	Poales	Poaceae	BOP clade	Pooideae	Triticodae	Triticeae	Hordeinae	Hordeum
A0A5C4T6E4	Bacteria	Firmicutes	Bacilli	Bacillales	Paenibacillaceae	Paenibacillus
A0A0E4BW39	Bacteria	Proteobacteria	Alphaproteobacteria	Rhizobiales	Bradyrhizobiaceae	Bradyrhizobium
A9V147	Eukaryota	Choanoflagellata	Craspedida	Salpingoecidae	Monosiga
F4CD88	Bacteria	Bacteroidetes	Sphingobacteriia	Sphingobacteriales	Sphingobacteriaceae	Sphingobacterium
A0A0A0L6U0	Eukaryota	Viridiplantae	Streptophyta	Embryophyta	Tracheophyta	Spermatophyta	Magnoliopsida	eudicotyledons	Gunneridae	Pentapetalae	rosids	fabids	Cucurbitales	Cucurbitaceae	Benincaseae	Cucumis
A0A2W5R7Z1	Bacteria	Proteobacteria	Gammaproteobacteria	Pseudomonadales	Moraxellaceae	Acinetobacter
A0A3M1KXF8	Bacteria	Bacteroidetes
A0A257LWG3	Bacteria	Verrucomicrobia	Verrucomicrobiae	Verrucomicrobiales
A0A3D1WN57	Bacteria	Firmicutes	Clostridia	Clostridiales	Lachnospiraceae
A0A2H3JNG5	Eukaryota	Fungi	Dikarya	Basidiomycota	Agaricomycotina	Agaricomycetes	Polyporales	Wolfiporia
A0A2I7N4F9	Bacteria	Proteobacteria	Betaproteobacteria	Neisseriales	Neisseriaceae	unclassified Neisseriaceae
A0A382WJ62	unclassified sequences	metagenomes	ecological metagenomes
A0A533J7C7	Bacteria	Proteobacteria	Alphaproteobacteria	Rhizobiales	Bradyrhizobiaceae	Bradyrhizobium
T1A0T0	unclassified sequences	metagenomes	ecological metagenomes
A0A537I3P7	Bacteria	Bacteroidetes
A0A098C0B3	Bacteria	Bacteroidetes	Bacteroidia	Bacteroidales	Dysgonomonadaceae	Fermentimonas
A0A350H3W1	Bacteria	Firmicutes	Clostridia	Clostridiales	Eubacteriaceae	Eubacterium	unclassified Eubacterium
G0J6R9	Bacteria	Bacteroidetes	Cytophagia	Cytophagales	Cyclobacteriaceae	Cyclobacterium
A0A1J5F6N7	Bacteria	Proteobacteria	Epsilonproteobacteria	Campylobacterales	Helicobacteraceae
A0A520HYF4	Bacteria	Bacteroidetes	Sphingobacteriia	Sphingobacteriales	Sphingobacteriaceae	Pedobacter	unclassified Pedobacter
S8CBL9	Eukaryota	Viridiplantae	Streptophyta	Embryophyta	Tracheophyta	Spermatophyta	Magnoliopsida	eudicotyledons	Gunneridae	Pentapetalae	asterids	lamiids	Lamiales	Lentibulariaceae	Genlisea
V5FXI8	Eukaryota	Fungi	Dikarya	Ascomycota	Pezizomycotina	Eurotiomycetes	Eurotiomycetidae	Eurotiales	Thermoascaceae	Byssochlamys
A0A3N5E2T1	Bacteria	Bacteroidetes	Bacteroidia	Bacteroidales
D5VIQ2	Bacteria	Proteobacteria	Alphaproteobacteria	Caulobacterales	Caulobacteraceae	Caulobacter
H3H908	Eukaryota	Sar	Stramenopiles	Oomycota	Peronosporales	Peronosporaceae	Phytophthora
A0A3L7XWG7	Bacteria	Chloroflexi
A0A094CWK1	Eukaryota	Fungi	Dikarya	Ascomycota	Pezizomycotina	Leotiomycetes	Leotiomycetes incertae sedis	Pseudeurotiaceae	Pseudogymnoascus	unclassified Pseudogymnoascus
A0A5P2G379	Bacteria	Bacteroidetes	Chitinophagia	Chitinophagales	Chitinophagaceae	Arachidicoccus	unclassified Arachidicoccus
A0A3L7STN3	Bacteria	Planctomycetes
A0A3M7N9D4	Eukaryota	Fungi	Dikarya	Ascomycota	Pezizomycotina	Eurotiomycetes	Chaetothyriomycetidae	Chaetothyriales	unclassified Chaetothyriales
A0A3D1CJB0	Bacteria	Proteobacteria	Gammaproteobacteria	Thiotrichales	Piscirickettsiaceae	Methylophaga	unclassified Methylophaga
A0A1Y2WFK3	Eukaryota	Fungi	Dikarya	Ascomycota	Pezizomycotina	Sordariomycetes	Xylariomycetidae	Xylariales	Hypoxylaceae	Hypoxylon
A0A2E5QAS9	Bacteria	Proteobacteria
A0A3M6QGA5	Bacteria	Proteobacteria	Betaproteobacteria	Burkholderiales	Comamonadaceae
A0A3D1E6N0	Bacteria	Bacteroidetes	Flavobacteriia	Flavobacteriales	Flavobacteriaceae
A0A353VUL8	Bacteria	Proteobacteria	Gammaproteobacteria
A0A2J6XNG6	Archaea	Thaumarchaeota	Nitrososphaeria	Nitrososphaerales	Nitrososphaeraceae	Nitrososphaera	unclassified Nitrososphaera
G8BNS9	Eukaryota	Fungi	Dikarya	Ascomycota	Saccharomycotina	Saccharomycetes	Saccharomycetales	Saccharomycetaceae	Tetrapisispora
A0A1F3H4X6	Bacteria	Bacteroidetes
A0A2D8N981	Bacteria	Bacteroidetes	Flavobacteriia	Flavobacteriales	Flavobacteriaceae
T2RFU4	Bacteria	Firmicutes	Clostridia	Clostridiales	Peptostreptococcaceae	Paeniclostridium
A0A1G4K1K6	Eukaryota	Fungi	Dikarya	Ascomycota	Saccharomycotina	Saccharomycetes	Saccharomycetales	Saccharomycetaceae	Lachancea
A0A0A7KDT9	Bacteria	Bacteroidetes	Flavobacteriia	Flavobacteriales	Flavobacteriaceae	Cellulophaga
A0A163J3Q1	Eukaryota	Fungi	Fungi incertae sedis	Mucoromycota	Mucoromycotina	Mucoromycetes	Mucorales	Cunninghamellaceae	Absidia
H2AQP6	Eukaryota	Fungi	Dikarya	Ascomycota	Saccharomycotina	Saccharomycetes	Saccharomycetales	Saccharomycetaceae	Kazachstania
A0A2E1V1T3	Bacteria	Proteobacteria	Alphaproteobacteria	Rhodospirillales	Geminicoccaceae	Geminicoccus	unclassified Geminicoccus
A0A124E0X3	Bacteria	Actinobacteria	Corynebacteriales	Mycobacteriaceae	Mycolicibacterium
A0A3M1GFV0	Bacteria	Verrucomicrobia
A0A2E8M720	Bacteria	Verrucomicrobia	Verrucomicrobiae	Verrucomicrobiales
A0A0S6XI82	Eukaryota	Fungi
A0A3D4Z045	Bacteria	Proteobacteria	Deltaproteobacteria
A0A3M7DZP4	Eukaryota	Fungi	Dikarya	Ascomycota	Pezizomycotina	Dothideomycetes	Dothideomycetidae	Mycosphaerellales	Teratosphaeriaceae	Hortaea
I3QG03	Bacteria	Bacteroidetes	Flavobacteriia	Flavobacteriales	Blattabacteriaceae	Blattabacterium	unclassified Blattabacterium
A0A1J5PBJ2	unclassified sequences	metagenomes	ecological metagenomes
A0A174X339	Bacteria	Firmicutes	Clostridia	Clostridiales	Clostridiaceae	Hungatella
A0A367Z0W7	Bacteria	Actinobacteria	Propionibacteriales	Propionibacteriaceae	Desertihabitans
A0A084GD52	Eukaryota	Fungi	Dikarya	Ascomycota	Pezizomycotina	Sordariomycetes	Hypocreomycetidae	Microascales	Microascaceae	Scedosporium
R1EHF1	Eukaryota	Fungi	Dikarya	Ascomycota	Pezizomycotina	Dothideomycetes	Dothideomycetes incertae sedis	Botryosphaeriales	Botryosphaeriaceae	Neofusicoccum
A0A2E8TC08	Bacteria	Chloroflexi	Dehalococcoidia	Dehalococcoidales	Dehalococcoidaceae
A0A067MT31	Eukaryota	Fungi	Dikarya	Basidiomycota	Agaricomycotina	Agaricomycetes	Cantharellales	Botryobasidiaceae	Botryobasidium
A0A2T5C5R9	Bacteria	Bacteroidetes	Bacteroidia	Marinilabiliales	Prolixibacteraceae	Mangrovibacterium
A0A2E1QMQ6	Bacteria	Proteobacteria	Gammaproteobacteria
A0A0F9XG19	Eukaryota	Fungi	Dikarya	Ascomycota	Pezizomycotina	Sordariomycetes	Hypocreomycetidae	Hypocreales	Hypocreaceae	Trichoderma
A0A0E9LSE7	Bacteria	Bacteroidetes	Bacteroidia	Marinilabiliales	Marinilabiliaceae	Geofilum
A0A431MPR0	Bacteria	Bacteroidetes	Sphingobacteriia	Sphingobacteriales
A0A521PGU7	Bacteria	Proteobacteria	Alphaproteobacteria	Caulobacterales	Caulobacteraceae	Phenylobacterium	unclassified Phenylobacterium
X1JU52	unclassified sequences	metagenomes	ecological metagenomes
A0A368BYB4	Bacteria	Proteobacteria	Gammaproteobacteria
A0A420RL55	Eukaryota	Fungi	Dikarya	Ascomycota	Pezizomycotina	Sordariomycetes	Hypocreomycetidae	Hypocreales	Nectriaceae	Fusarium	Fusarium oxysporum species complex
A0A061NGJ0	Bacteria	Firmicutes	Bacilli	Bacillales	Geomicrobium	unclassified Geomicrobium
G4MKI2	Eukaryota	Fungi	Dikarya	Ascomycota	Pezizomycotina	Sordariomycetes	Sordariomycetidae	Magnaporthales	Pyriculariaceae	Pyricularia
A0A166WEN8	Eukaryota	Fungi	Dikarya	Basidiomycota	Agaricomycotina	Agaricomycetes	Agaricomycetidae	Atheliales	Atheliaceae	Fibularhizoctonia	unclassified Fibularhizoctonia
A0A1E2WLL5	Bacteria	Cyanobacteria	Nostocales	Nostocaceae	Nostoc
A0A3N5P9C8	Bacteria	Proteobacteria	Gammaproteobacteria	Xanthomonadales	unclassified Xanthomonadales
A0A517NH78	Bacteria	Planctomycetes
A0A318UFL2	Bacteria	Bacteroidetes	Sphingobacteriia	Sphingobacteriales	Sphingobacteriaceae	Pedobacter
A0A3B8ZHL4	Bacteria	Planctomycetes	Planctomycetia	Planctomycetales	Planctomycetaceae
A0A3D5XK82	Bacteria	Proteobacteria	Gammaproteobacteria
A0A2P6U5L0	Eukaryota	Viridiplantae	Chlorophyta	core chlorophytes	Trebouxiophyceae	Chlorellales	Chlorellaceae	Chlorella clade	Chlorella
A0A2T6DBA9	Bacteria	Verrucomicrobia
A0A1C2GJA5	Bacteria	Bacteroidetes	Sphingobacteriia	Sphingobacteriales	Sphingobacteriaceae	Mucilaginibacter	unclassified Mucilaginibacter
A0A1D6KMC6	Eukaryota	Viridiplantae	Streptophyta	Embryophyta	Tracheophyta	Spermatophyta	Magnoliopsida	Liliopsida	Poales	Poaceae	PACMAD clade	Panicoideae	Andropogonodae	Andropogoneae	Tripsacinae	Zea
A0A1M7QJA5	Bacteria	Firmicutes	Bacilli	Bacillales	Bacillaceae	Gracilibacillus
A0A3M9NHN0	Bacteria	Bacteroidetes	Chitinophagia	Chitinophagales	Chitinophagaceae	Ferruginibacter	unclassified Ferruginibacter
A0A1E3NT85	Eukaryota	Fungi	Dikarya	Ascomycota	Saccharomycotina	Saccharomycetes	Saccharomycetales	Pichiaceae	Pichia
A0A559MB42	Eukaryota	Fungi	Dikarya	Ascomycota	Pezizomycotina	Leotiomycetes	Helotiales	Lachnaceae	Lachnellula
A0A520PP68	Bacteria	Proteobacteria
A0A2K3Q9D1	Eukaryota	Fungi	Dikarya	Ascomycota	Pezizomycotina	Sordariomycetes	Hypocreomycetidae	Hypocreales	Ophiocordycipitaceae	Tolypocladium
A0A2W6SJX1	Bacteria	Proteobacteria	Gammaproteobacteria	Thiotrichales	Francisellaceae	Francisella
A0A2D9IJ54	Bacteria	Bacteroidetes	Flavobacteriia	Flavobacteriales	Flavobacteriaceae
A0A3A2Z7L9	Eukaryota	Fungi	Dikarya	Ascomycota	Pezizomycotina	Eurotiomycetes	Eurotiomycetidae	Eurotiales	Aspergillaceae	Aspergillus	Aspergillus subgen. Polypaecilum
A0A2U1MVY4	Eukaryota	Viridiplantae	Streptophyta	Embryophyta	Tracheophyta	Spermatophyta	Magnoliopsida	eudicotyledons	Gunneridae	Pentapetalae	asterids	campanulids	Asterales	Asteraceae	Asteroideae	Anthemideae	Artemisiinae	Artemisia
A0A179DH85	Bacteria	Bacteroidetes	Sphingobacteriia	Sphingobacteriales	Sphingobacteriaceae	Pedobacter
A0A519XHF5	Bacteria	Bacteroidetes	Sphingobacteriia	Sphingobacteriales	Sphingobacteriaceae	Pedobacter	unclassified Pedobacter
A0A2U0N355	Bacteria	Proteobacteria	Gammaproteobacteria	Enterobacterales	Enterobacteriaceae	Klebsiella
A0A4Y3WHS3	Bacteria	Actinobacteria	Pseudonocardiales	Pseudonocardiaceae	Pseudonocardia
A0A556W455	Bacteria	Proteobacteria	Gammaproteobacteria	Oceanospirillales	Halomonadaceae	Halomonas
G0W836	Eukaryota	Fungi	Dikarya	Ascomycota	Saccharomycotina	Saccharomycetes	Saccharomycetales	Saccharomycetaceae	Naumovozyma
A0A4V1T8Z2	Bacteria	Bacteroidetes	Sphingobacteriia	Sphingobacteriales
T0R2B0	Eukaryota	Sar	Stramenopiles	Oomycota	Saprolegniales	Saprolegniaceae	Saprolegnia
W7TJB0	Eukaryota	Sar	Stramenopiles	Ochrophyta	Eustigmatophyceae	Eustigmatales	Monodopsidaceae	Nannochloropsis
A0A3D3PI77	Bacteria	Bacteroidetes	Sphingobacteriia	Sphingobacteriales	Sphingobacteriaceae
A0A3M1LPQ3	Bacteria	Bacteroidetes
A0A349E8L9	Bacteria	Proteobacteria	Gammaproteobacteria
A0A6A6CMW9	Eukaryota	Fungi	Dikarya	Ascomycota	Pezizomycotina	Dothideomycetes	Dothideomycetidae	Mycosphaerellales	Mycosphaerellaceae	Zasmidium
A0A2D5I572	Bacteria	Proteobacteria	Gammaproteobacteria
A0A2V2SF83	Bacteria	Verrucomicrobia
A0A4Q3TGU0	Bacteria	Bacteroidetes	Chitinophagia	Chitinophagales	Chitinophagaceae	unclassified Chitinophagaceae
A0A2G4GIB9	Bacteria	Bacteroidetes	Chitinophagia	Chitinophagales	Chitinophagaceae	unclassified Chitinophagaceae
A0A150XU87	Bacteria	Bacteroidetes	Cytophagia	Cytophagales	Roseivirgaceae	Roseivirga
A0A3M7NXL5	Eukaryota	Fungi	Dikarya	Ascomycota	Pezizomycotina	Eurotiomycetes	Chaetothyriomycetidae	Chaetothyriales	unclassified Chaetothyriales
A0A150G5X1	Eukaryota	Viridiplantae	Chlorophyta	core chlorophytes	Chlorophyceae	Chlamydomonadales	Volvocaceae	Gonium
A0A2A2S4N1	Bacteria	Bacteroidetes	Sphingobacteriia	Sphingobacteriales	Sphingobacteriaceae	Mucilaginibacter	unclassified Mucilaginibacter
A0A1H6X597	Bacteria	Bacteroidetes	Cytophagia	Cytophagales	Cyclobacteriaceae	Cyclobacterium
A0A520W6B1	Bacteria	Proteobacteria	Alphaproteobacteria
A0A661ZF52	Bacteria	Bacteroidetes
A0A1P8PNS4	Bacteria	Proteobacteria	Gammaproteobacteria	Pseudomonadales	Moraxellaceae	Acinetobacter
A0A646FRM3	Bacteria	Bacteroidetes	Bacteroidia	Bacteroidales	Prevotellaceae	Prevotella
A0A0U4CB48	Bacteria	Bacteroidetes	Cytophagia	Cytophagales	Hymenobacteraceae	Hymenobacter
A0A397H7A9	Eukaryota	Fungi	Dikarya	Ascomycota	Pezizomycotina	Eurotiomycetes	Eurotiomycetidae	Eurotiales	Aspergillaceae	Aspergillus
U1GF65	Eukaryota	Fungi	Dikarya	Ascomycota	Pezizomycotina	Eurotiomycetes	Chaetothyriomycetidae	Verrucariales	Verrucariaceae	Endocarpon
A0A077KFP3	Bacteria	Bacteroidetes	Flavobacteriia	Flavobacteriales	Weeksellaceae	Chryseobacterium group	Chryseobacterium
A0A2E4V1X3	Bacteria	Bacteroidetes	Flavobacteriia	Flavobacteriales	Crocinitomicaceae
A0A251X3T1	Bacteria	Proteobacteria	Gammaproteobacteria	Thiotrichales	Thioflexothrix
A0A127FBQ2	Bacteria	Proteobacteria	Gammaproteobacteria	Nevskiales	Steroidobacteraceae	Steroidobacter
A0A4V5NKL2	Eukaryota	Fungi	Dikarya	Ascomycota	Pezizomycotina	Dothideomycetes	Dothideomycetes incertae sedis	Cryomyces
A0A4P5XB46	Bacteria	Planctomycetes	Planctomycetia	unclassified Planctomycetia
A0A2E8UHR4	Bacteria	Proteobacteria	Gammaproteobacteria	Cellvibrionales	Porticoccaceae
F3ZQX2	Bacteria	Bacteroidetes	Bacteroidia	Bacteroidales	Bacteroidaceae	Bacteroides
A0A4Q3CB47	Bacteria	Bacteroidetes	Sphingobacteriia	Sphingobacteriales
A0A562K8Z3	Bacteria	Bacteroidetes	Flavobacteriia	Flavobacteriales	Flavobacteriaceae	Flavobacterium
A0A2W1ES02	Eukaryota	Fungi	Dikarya	Ascomycota	Pezizomycotina	Dothideomycetes	Pleosporomycetidae	Pleosporales	Pleosporineae	Pleosporaceae	Pyrenophora
A0A3D5DEI6	Bacteria	Proteobacteria	Gammaproteobacteria
A0A3D4UBL4	Bacteria	Proteobacteria	Gammaproteobacteria	Pseudomonadales	Moraxellaceae
A0A433PB32	Eukaryota	Fungi	Fungi incertae sedis	Mucoromycota	Mucoromycotina	Endogonomycetes	Endogonales	Endogonaceae	Endogone	unclassified Endogone
A0A173MLK9	Bacteria	Bacteroidetes	Chitinophagia	Chitinophagales	Chitinophagaceae	Filimonas
A0A1V5ZPV2	Bacteria	Candidatus Latescibacteria
A0A093ZT45	Eukaryota	Fungi	Dikarya	Ascomycota	Pezizomycotina	Leotiomycetes	Leotiomycetes incertae sedis	Pseudeurotiaceae	Pseudogymnoascus	unclassified Pseudogymnoascus
A0A521U3G8	Bacteria	Chloroflexi
A0A367B6U5	Bacteria	Actinobacteria	Geodermatophilales	Geodermatophilaceae	Blastococcus	unclassified Blastococcus
A0A2W4QZL3	Bacteria	Bacteroidetes
A0A164TVB7	Eukaryota	Viridiplantae	Streptophyta	Embryophyta	Tracheophyta	Spermatophyta	Magnoliopsida	eudicotyledons	Gunneridae	Pentapetalae	asterids	campanulids	Apiales	Apiaceae	Apioideae	Scandiceae	Daucinae	Daucus	Daucus sect. Daucus
A0A1T5F0Y3	Bacteria	Bacteroidetes	Sphingobacteriia	Sphingobacteriales	Sphingobacteriaceae	Daejeonella
A0A087SN09	Eukaryota	Viridiplantae	Chlorophyta	core chlorophytes	Trebouxiophyceae	Chlorellales	Chlorellaceae	Auxenochlorella
A0A3M7MR06	Eukaryota	Fungi	Dikarya	Ascomycota	Pezizomycotina	Eurotiomycetes	Chaetothyriomycetidae	Chaetothyriales	unclassified Chaetothyriales
A0A2T4DR68	Bacteria	Bacteroidetes	Cytophagia	Cytophagales	Marivirgaceae	Marivirga
L0FYC7	Bacteria	Bacteroidetes	Cytophagia	Cytophagales	Cyclobacteriaceae	Echinicola
A0A094E233	Eukaryota	Fungi	Dikarya	Ascomycota	Pezizomycotina	Leotiomycetes	Leotiomycetes incertae sedis	Pseudeurotiaceae	Pseudogymnoascus	unclassified Pseudogymnoascus
A0A4Q4TNT4	Eukaryota	Fungi	Dikarya	Ascomycota	Pezizomycotina	Sordariomycetes	Xylariomycetidae	Xylariales	Xylariales incertae sedis	Monosporascus	unclassified Monosporascus
A0A0Q8U8K5	Bacteria	Proteobacteria	Alphaproteobacteria	Caulobacterales	Caulobacteraceae	Phenylobacterium	unclassified Phenylobacterium
A0A1R1PG12	Eukaryota	Fungi	Fungi incertae sedis	Zoopagomycota	Kickxellomycotina	Harpellomycetes	Harpellales	Legeriomycetaceae	Zancudomyces
G1WFL7	Bacteria	Actinobacteria	Coriobacteriia	Coriobacteriales	Coriobacteriaceae	Collinsella
A0A2D7RJX2	Bacteria	Proteobacteria	Gammaproteobacteria
A0A536GIU1	Bacteria	Chloroflexi
S6F3G9	Bacteria	Firmicutes	Bacilli	Lactobacillales	Streptococcaceae	Lactococcus
A0A2H9VMV6	Bacteria	Bacteroidetes	Sphingobacteriia	Sphingobacteriales	Sphingobacteriaceae	Mucilaginibacter
A0A485KNG0	Eukaryota	Sar	Stramenopiles	Oomycota	Saprolegniales	Saprolegniaceae	Aphanomyces
A0A3D4Z062	Bacteria	Proteobacteria	Deltaproteobacteria
A0A357T5C3	Bacteria	Firmicutes
A0A5B8ML00	Eukaryota	Viridiplantae	Chlorophyta	Chloropicophyceae	Chloropicales	Chloropicaceae	Chloropicon
A0A433R0N8	Eukaryota	Fungi	Fungi incertae sedis	Mucoromycota	Mucoromycotina	Endogonomycetes	Endogonales	Endogonaceae	Jimgerdemannia
A0A3M7J157	Eukaryota	Fungi	Dikarya	Ascomycota	Pezizomycotina	Dothideomycetes	Dothideomycetidae	Mycosphaerellales	Teratosphaeriaceae	Hortaea
A0A1Z8NFC0	Bacteria	Bacteroidetes	Flavobacteriia	Flavobacteriales	Crocinitomicaceae
A0A1E5RYJ1	Eukaryota	Fungi	Dikarya	Ascomycota	Saccharomycotina	Saccharomycetes	Saccharomycetales	Saccharomycodaceae	Hanseniaspora
A0A359C9X3	Bacteria	Proteobacteria	Deltaproteobacteria
Q6Q928	Bacteria	Proteobacteria	Gammaproteobacteria	SAR86 cluster	environmental samples
A0A2R6S0S6	Eukaryota	Viridiplantae	Streptophyta	Embryophyta	Tracheophyta	Spermatophyta	Magnoliopsida	eudicotyledons	Gunneridae	Pentapetalae	asterids	Ericales	Actinidiaceae	Actinidia
A0A137QUN2	Eukaryota	Fungi	Dikarya	Basidiomycota	Agaricomycotina	Agaricomycetes	Agaricomycetidae	Agaricales	Agaricaceae	Leucoagaricus
A0A2E6B2Y2	Bacteria	Proteobacteria	Gammaproteobacteria
A0A165GQI9	Eukaryota	Fungi	Dikarya	Basidiomycota	Agaricomycotina	Agaricomycetes	Polyporales	Laetiporus
A0A1S8CUY3	Bacteria	Proteobacteria	Gammaproteobacteria	Pseudomonadales	Moraxellaceae	Alkanindiges	unclassified Alkanindiges
B2B590	Eukaryota	Fungi	Dikarya	Ascomycota	Pezizomycotina	Sordariomycetes	Sordariomycetidae	Sordariales	Chaetomiaceae	Podospora	Podospora anserina
R9P8I1	Eukaryota	Fungi	Dikarya	Basidiomycota	Ustilaginomycotina	Ustilaginomycetes	Ustilaginales	Ustilaginaceae	Pseudozyma
A0A257M370	Bacteria	Verrucomicrobia	Verrucomicrobiae	Verrucomicrobiales
A0A167WB20	Eukaryota	Fungi	Dikarya	Ascomycota	Pezizomycotina	Eurotiomycetes	Eurotiomycetidae	Onygenales	Ascosphaeraceae	Ascosphaera
W0F5M9	Bacteria	Bacteroidetes	Chitinophagia	Chitinophagales	Chitinophagaceae	Niabella
A0A4Q3TMN2	Bacteria	Bacteroidetes	Chitinophagia	Chitinophagales	Chitinophagaceae	unclassified Chitinophagaceae
A3J5T3	Bacteria	Bacteroidetes	Flavobacteriia	Flavobacteriales
I4F2K3	Bacteria	Actinobacteria	Geodermatophilales	Geodermatophilaceae	Modestobacter
A0A3L7RRI4	Bacteria	Planctomycetes
A0A3B9NIH7	Bacteria	Bacteroidetes	Sphingobacteriia	Sphingobacteriales	Sphingobacteriaceae	Sphingobacterium
A0A4S3ZQX3	Bacteria	Bacteroidetes	Flavobacteriia	Flavobacteriales	Flavobacteriaceae	Flavobacterium	unclassified Flavobacterium
A0A3B8WD23	Bacteria	Bacteroidetes	Cytophagia	Cytophagales
A0A371RI54	Bacteria	Proteobacteria	Alphaproteobacteria	Parvularculales	Parvularculaceae	Parvularcula	unclassified Parvularcula
A0A537AR14	Bacteria	Proteobacteria	Betaproteobacteria
A0A1M4ZV99	Bacteria	Bacteroidetes	Chitinophagia	Chitinophagales	Chitinophagaceae	Cnuella
V5FSW9	Eukaryota	Fungi	Dikarya	Ascomycota	Pezizomycotina	Eurotiomycetes	Eurotiomycetidae	Eurotiales	Thermoascaceae	Byssochlamys
A0A2T7QG51	Bacteria	Bacteroidetes	Chitinophagia	Chitinophagales	Chitinophagaceae	Terrimonas	unclassified Terrimonas
A0A4Q3LCL5	Bacteria	Bacteroidetes	Flavobacteriia	Flavobacteriales
A0A3D3SVJ1	Bacteria	Proteobacteria	Betaproteobacteria	Burkholderiales
X0TMW9	unclassified sequences	metagenomes	ecological metagenomes
A0A165FFT7	Eukaryota	Fungi	Dikarya	Basidiomycota	Agaricomycotina	Agaricomycetes	Auriculariales	Exidiaceae	Exidia
A0A2N4UIZ1	Bacteria	Proteobacteria	Betaproteobacteria	Burkholderiales	Alcaligenaceae	Pusillimonas	unclassified Pusillimonas
A0A1U7LJK5	Eukaryota	Fungi	Dikarya	Ascomycota	Taphrinomycotina	Neolectales	Neolectaceae	Neolecta
M7N026	Bacteria	Bacteroidetes	Cytophagia	Cytophagales	Cesiribacteraceae	Cesiribacter
A0A4Q6ANN5	Bacteria	Bacteroidetes	Chitinophagia	Chitinophagales	Chitinophagaceae	unclassified Chitinophagaceae
A0A2P5NUV9	Bacteria	Proteobacteria	Gammaproteobacteria	Methylococcales	Methylococcaceae	Methylobacter	unclassified Methylobacter
E3KGZ6	Eukaryota	Fungi	Dikarya	Basidiomycota	Pucciniomycotina	Pucciniomycetes	Pucciniales	Pucciniaceae	Puccinia
A0A316JSS2	Bacteria	Bacteroidetes	Flavobacteriia	Flavobacteriales	Crocinitomicaceae	Fluviicola	unclassified Fluviicola
A0A2E1KWT0	Bacteria	Verrucomicrobia	Opitutae	Puniceicoccales	Puniceicoccaceae
A0A428NKL6	Eukaryota	Fungi	Dikarya	Ascomycota	Pezizomycotina	Sordariomycetes	Hypocreomycetidae	Hypocreales	Nectriaceae	Fusarium	Fusarium solani species complex	unclassified Fusarium solani species complex
A0A2D5PQK0	Bacteria	Proteobacteria	Gammaproteobacteria
A0A2T4BSB5	Eukaryota	Fungi	Dikarya	Ascomycota	Pezizomycotina	Sordariomycetes	Hypocreomycetidae	Hypocreales	Hypocreaceae	Trichoderma
A0A2E8SJW8	Bacteria	Bacteroidetes	Flavobacteriia	Flavobacteriales	Flavobacteriaceae
A0A651EH04	Bacteria	Proteobacteria	Gammaproteobacteria	Oceanospirillales
H8XP56	Bacteria	Bacteroidetes	Flavobacteriia	Flavobacteriales	Flavobacteriaceae	Flavobacterium
A0A0W8CZL5	Eukaryota	Sar	Stramenopiles	Oomycota	Peronosporales	Peronosporaceae	Phytophthora
A0A6A5KZA2	Eukaryota	Viridiplantae	Streptophyta	Embryophyta	Tracheophyta	Spermatophyta	Magnoliopsida	eudicotyledons	Gunneridae	Pentapetalae	rosids	fabids	Fabales	Fabaceae	Papilionoideae	50 kb inversion clade	genistoids sensu lato	core genistoids	Genisteae	Lupinus
A0A1J5SYA6	unclassified sequences	metagenomes	ecological metagenomes
A0A2E4ACN9	Bacteria	Verrucomicrobia	Verrucomicrobiae	Verrucomicrobiales	Verrucomicrobiaceae	unclassified Verrucomicrobiaceae
A0A2G5I2L0	Eukaryota	Fungi	Dikarya	Ascomycota	Pezizomycotina	Dothideomycetes	Dothideomycetidae	Mycosphaerellales	Mycosphaerellaceae	Cercospora
A0A4P6PF41	Bacteria	Verrucomicrobia
G4TW33	Eukaryota	Fungi	Dikarya	Basidiomycota	Agaricomycotina	Agaricomycetes	Sebacinales	Serendipitaceae	Serendipita
A0A1G4M755	Eukaryota	Fungi	Dikarya	Ascomycota	Saccharomycotina	Saccharomycetes	Saccharomycetales	Saccharomycetaceae	Lachancea
A0A562UQT2	Bacteria	Actinobacteria	Glycomycetales	Glycomycetaceae	Stackebrandtia
A4GJU2	Bacteria	environmental samples
A0A4V1V7D5	Bacteria	Proteobacteria	Alphaproteobacteria
W1QKY0	Eukaryota	Fungi	Dikarya	Ascomycota	Saccharomycotina	Saccharomycetes	Saccharomycetales	Pichiaceae	Ogataea
A0A191TIV5	Bacteria	Bacteroidetes	Chitinophagia	Chitinophagales	Chitinophagaceae	Arachidicoccus	unclassified Arachidicoccus
A0A355N9I9	Bacteria	Proteobacteria	Gammaproteobacteria	Oceanospirillales	Halomonadaceae	Halomonas
A0A506PHG0	Bacteria	Bacteroidetes	Flavobacteriia	Flavobacteriales	Flavobacteriaceae
A0A059B1H2	Eukaryota	Viridiplantae	Streptophyta	Embryophyta	Tracheophyta	Spermatophyta	Magnoliopsida	eudicotyledons	Gunneridae	Pentapetalae	rosids	malvids	Myrtales	Myrtaceae	Myrtoideae	Eucalypteae	Eucalyptus
A0A4Q3T3R9	Bacteria	Bacteroidetes	Chitinophagia	Chitinophagales	Chitinophagaceae	unclassified Chitinophagaceae
A0A059WNB8	Bacteria	environmental samples
A0A139DK25	Bacteria	Proteobacteria	Gammaproteobacteria	Alteromonadales	Alteromonadaceae	Marinobacter
A0A010R2R2	Eukaryota	Fungi	Dikarya	Ascomycota	Pezizomycotina	Sordariomycetes	Hypocreomycetidae	Glomerellales	Glomerellaceae	Colletotrichum	Colletotrichum acutatum species complex
A0A1V9ZWG4	Eukaryota	Sar	Stramenopiles	Oomycota	Saprolegniales	Saprolegniaceae	Thraustotheca
G4TZM2	Eukaryota	Fungi	Dikarya	Basidiomycota	Agaricomycotina	Agaricomycetes	Sebacinales	Serendipitaceae	Serendipita
A0A2T5J684	Bacteria	Bacteroidetes	Sphingobacteriia	Sphingobacteriales	Sphingobacteriaceae	Mucilaginibacter
A0A3N5ER90	Bacteria
Q9K8E4	Bacteria	Firmicutes	Bacilli	Bacillales	Bacillaceae	Alkalihalobacillus
M1UR25	Eukaryota	Rhodophyta	Bangiophyceae	Cyanidiales	Cyanidiaceae	Cyanidioschyzon
A0A090W0T0	Bacteria	Bacteroidetes	Flavobacteriia	Flavobacteriales	Flavobacteriaceae	Jejuia
A0A0G4L1A7	Eukaryota	Fungi	Dikarya	Ascomycota	Pezizomycotina	Sordariomycetes	Hypocreomycetidae	Glomerellales	Plectosphaerellaceae	Verticillium
A0A2V0NPN7	Eukaryota	Viridiplantae	Chlorophyta	core chlorophytes	Chlorophyceae	Sphaeropleales	Selenastraceae	Raphidocelis
A0A529GIE5	Bacteria	Proteobacteria	Alphaproteobacteria	Rhizobiales	Phyllobacteriaceae	Mesorhizobium
A0A3C1DT53	Bacteria	Actinobacteria
A0A1B7ZD88	Bacteria	Bacteroidetes	Flavobacteriia	Flavobacteriales	Flavobacteriaceae	Maribacter
A0A1L9SJS4	Eukaryota	Fungi	Dikarya	Ascomycota	Pezizomycotina	Eurotiomycetes	Eurotiomycetidae	Eurotiales	Aspergillaceae	Penicilliopsis
A0A427YTM1	Eukaryota	Fungi	Dikarya	Basidiomycota	Agaricomycotina	Tremellomycetes	Tremellales	Trimorphomycetaceae	Saitozyma
A0A431IU35	Bacteria	Proteobacteria	Betaproteobacteria	Neisseriales	Neisseriaceae	unclassified Neisseriaceae
A0A3C1QZ20	Bacteria	Planctomycetes	Planctomycetia	Planctomycetales	Planctomycetaceae
A0A3D4FD40	Bacteria	Verrucomicrobia	Verrucomicrobiae	Verrucomicrobiales
A0A1G8EBH5	Bacteria	Bacteroidetes	Flavobacteriia	Flavobacteriales	Flavobacteriaceae	Myroides
A0A4R8DIJ6	Bacteria	Bacteroidetes	Chitinophagia	Chitinophagales	Chitinophagaceae	Dinghuibacter
S6EPS1	Bacteria	Firmicutes	Bacilli	Lactobacillales	Streptococcaceae	Lactococcus
A0A6A6P3S3	Eukaryota	Fungi	Dikarya	Ascomycota	Pezizomycotina	Dothideomycetes	Dothideomycetes incertae sedis	Lineolatales	Lineolataceae	Lineolata
A0A358EET2	Bacteria	Gemmatimonadetes
A0A2V8I1S7	Bacteria	Acidobacteria
A0A382ZJ16	unclassified sequences	metagenomes	ecological metagenomes
A0A2V7IF72	Bacteria	Gemmatimonadetes
W4V3S0	Bacteria	Firmicutes	Clostridia	Clostridiales	Hungateiclostridiaceae	Hungateiclostridium
A0A2V2C9R8	Bacteria	Firmicutes	Clostridia	Clostridiales
I0W7B9	Bacteria	Bacteroidetes	Flavobacteriia	Flavobacteriales	Flavobacteriaceae	Imtechella
A0A0L8V781	Bacteria	Bacteroidetes	Bacteroidia	Marinilabiliales	Prolixibacteraceae	Sunxiuqinia
G8Y0H6	Eukaryota	Fungi	Dikarya	Ascomycota	Saccharomycotina	Saccharomycetes	Saccharomycetales	Debaryomycetaceae	Millerozyma
H3GB83	Eukaryota	Sar	Stramenopiles	Oomycota	Peronosporales	Peronosporaceae	Phytophthora
A0A520IPR9	Bacteria	Bacteroidetes	Sphingobacteriia	Sphingobacteriales	Sphingobacteriaceae	Pedobacter	unclassified Pedobacter
A0A507DGW7	Eukaryota	Fungi	Fungi incertae sedis	Chytridiomycota	Chytridiomycota incertae sedis	Chytridiomycetes	Synchytriales	Synchytriaceae	Synchytrium
A0A0C2TG95	Eukaryota	Fungi	Dikarya	Basidiomycota	Agaricomycotina	Agaricomycetes	Agaricomycetidae	Agaricales	Amanitaceae	Amanita
A0A3B8VDT4	Bacteria	Bacteroidetes
A0A1P8KQB0	Bacteria	Proteobacteria	Epsilonproteobacteria	Campylobacterales	Campylobacteraceae	Arcobacter group	Poseidonibacter
A0A4S2MVN7	Eukaryota	Fungi	Dikarya	Ascomycota	Pezizomycotina	Pezizomycetes	Pezizales	Ascodesmidaceae	Ascodesmis
A0A2D9T1Z0	Bacteria	Proteobacteria	Deltaproteobacteria	Myxococcales	Sorangiineae	Sandaracinaceae	Sandaracinus	unclassified Sandaracinus
A0A1D2PCE5	Bacteria	Cyanobacteria	Nostocales	Scytonemataceae	Scytonema
A0A5N6JRY3	Eukaryota	Fungi	Dikarya	Ascomycota	Pezizomycotina	Leotiomycetes	Helotiales	Sclerotiniaceae	Monilinia
A0A1Y1I7Q9	Eukaryota	Viridiplantae	Streptophyta	Klebsormidiophyceae	Klebsormidiales	Klebsormidiaceae	Klebsormidium
X6PBQ8	Eukaryota	Sar	Rhizaria	Retaria	Foraminifera	Monothalamids	Reticulomyxidae	Reticulomyxa
A0A3C2DAR1	Bacteria	Bacteroidetes	Bacteroidia	Marinilabiliales	Prolixibacteraceae
A0A350ER41	Bacteria	Verrucomicrobia	Verrucomicrobiae	Verrucomicrobiales
A0A1W1C8G3	unclassified sequences	metagenomes	ecological metagenomes
A0A5C3EVT6	Eukaryota	Fungi	Dikarya	Basidiomycota	Ustilaginomycotina	Ustilaginomycetes	Ustilaginales	Ustilaginaceae	Anthracocystis
A0A507C2V3	Eukaryota	Fungi	Fungi incertae sedis	Chytridiomycota	Chytridiomycota incertae sedis	Chytridiomycetes	Synchytriales	Synchytriaceae	Synchytrium
A0A5C7AKD1	Bacteria	Bacteroidetes	Flavobacteriia	Flavobacteriales	Flavobacteriaceae	Seonamhaeicola
A0A135UZD9	Eukaryota	Fungi	Dikarya	Ascomycota	Pezizomycotina	Sordariomycetes	Hypocreomycetidae	Glomerellales	Glomerellaceae	Colletotrichum	Colletotrichum acutatum species complex
A0A2V1BPC6	Eukaryota	Fungi	Dikarya	Ascomycota	Pezizomycotina	Leotiomycetes	Helotiales	Helotiales incertae sedis	Cadophora	unclassified Cadophora
V7LJA5	Bacteria	Actinobacteria	Corynebacteriales	Mycobacteriaceae	Mycobacterium	Mycobacterium avium complex (MAC)
W0ZAX0	Bacteria	Actinobacteria	Micrococcales	Microbacteriaceae	Microbacterium
A0A1G0AIE9	Bacteria	Bacteroidetes	Flavobacteriia
A0A520GRQ0	Bacteria	Proteobacteria	Alphaproteobacteria	Sphingomonadales	Sphingomonadaceae	Sphingomonas
A0A316RJK0	Bacteria	Firmicutes	Clostridia	Clostridiales	Ruminococcaceae
A0A401U868	Bacteria	Bacteroidetes	Cytophagia	Cytophagales	Cytophagaceae	Chryseotalea
A0A136IUN0	Eukaryota	Fungi	Dikarya	Ascomycota	Pezizomycotina	Sordariomycetes	Xylariomycetidae	Xylariales	Microdochiaceae	Microdochium
A0A2D4CDR7	Eukaryota	Sar	Stramenopiles	Oomycota	Pythiales	Pythiaceae	Pythium
A0A1Y2BDT1	Eukaryota	Fungi	Fungi incertae sedis	Chytridiomycota	Chytridiomycota incertae sedis	Chytridiomycetes	Chytridiales	Chytriomycetaceae	Rhizoclosmatium
A0A4Q3QI60	Bacteria	Bacteroidetes	Cytophagia	Cytophagales	Cytophagaceae
A0A4R6VJ69	Bacteria	Actinobacteria	Pseudonocardiales	Pseudonocardiaceae	Actinomycetospora
A0A357MBD1	Bacteria	Firmicutes	Bacilli	Bacillales	Paenibacillaceae	Paenibacillus
H0ED21	Eukaryota	Fungi	Dikarya	Ascomycota	Pezizomycotina	Leotiomycetes	Helotiales	Helotiaceae	Glarea
A0A397VA66	Eukaryota	Fungi	Fungi incertae sedis	Mucoromycota	Glomeromycotina	Glomeromycetes	Diversisporales	Gigasporaceae	Gigaspora
A0A4Q5Y3P7	Bacteria	Bacteroidetes	Sphingobacteriia	Sphingobacteriales
A0A2D6AF98	Bacteria	Chloroflexi
A0A2S6BQW0	Eukaryota	Fungi	Dikarya	Ascomycota	Pezizomycotina	Dothideomycetes	Dothideomycetidae	Mycosphaerellales	Mycosphaerellaceae	Cercospora
A0A136M451	Bacteria	Bacteroidetes
A0A2V7M7F9	Bacteria	Gemmatimonadetes
A0A1B9DSL2	Bacteria	Bacteroidetes	Flavobacteriia	Flavobacteriales	Flavobacteriaceae	Flavobacterium
A0A4Q5SFT4	Bacteria	Bacteroidetes	Sphingobacteriia	Sphingobacteriales	Sphingobacteriaceae
A0A1Z4BZG7	Bacteria	Proteobacteria	Gammaproteobacteria	Methylococcales	Methylococcaceae	Methylovulum
A0A139A601	Eukaryota	Fungi	Fungi incertae sedis	Chytridiomycota	Chytridiomycota incertae sedis	Monoblepharidomycetes	Monoblepharidales	Gonapodyaceae	Gonapodya
A0A3R7DAG1	Archaea	Euryarchaeota	Stenosarchaea group	Methanomicrobia	Methanophagales
A0A4T0FE81	Eukaryota	Fungi	Dikarya	Basidiomycota	Wallemiomycotina	Wallemiomycetes	Wallemiales	Wallemiaceae	Wallemia
A0A2J6K9P4	Eukaryota	Viridiplantae	Streptophyta	Embryophyta	Tracheophyta	Spermatophyta	Magnoliopsida	eudicotyledons	Gunneridae	Pentapetalae	asterids	campanulids	Asterales	Asteraceae	Cichorioideae	Cichorieae	Lactucinae	Lactuca
A0A259PFF9	Bacteria	Actinobacteria	Micrococcales	Cellulomonadaceae	Cellulomonas	unclassified Cellulomonas
A0A3F3RYW5	Eukaryota	Fungi	Dikarya	Ascomycota	Pezizomycotina	Eurotiomycetes	Eurotiomycetidae	Eurotiales	Aspergillaceae	Aspergillus	Aspergillus subgen. Circumdati
A0A316R8Y9	Bacteria	Bacteroidetes	Flavobacteriia	Flavobacteriales
A0A512UJF0	Eukaryota	Fungi	Dikarya	Ascomycota	Saccharomycotina	Saccharomycetes	Saccharomycetales	Metschnikowiaceae	Metschnikowia
A0A1H1KZB8	Bacteria	Actinobacteria	Actinomycetales	Actinomycetaceae	Schaalia
A0A212T0N3	Bacteria	Bacteroidetes	Cytophagia	Cytophagales	Hymenobacteraceae	Hymenobacter
A0A1G4JLB9	Eukaryota	Fungi	Dikarya	Ascomycota	Saccharomycotina	Saccharomycetes	Saccharomycetales	Saccharomycetaceae	Lachancea
A0A090DKL8	Bacteria	Proteobacteria	Alphaproteobacteria	Rhizobiales	Phyllobacteriaceae	Mesorhizobium
A0A1T4WAU2	Bacteria	Proteobacteria	Gammaproteobacteria	Thiotrichales	Thiotrichaceae	Thiothrix
A0A497KFB7	Archaea	Candidatus Bathyarchaeota
A0A357YIA6	Bacteria	Bacteroidetes	Bacteroidia	Bacteroidales	Porphyromonadaceae	unclassified Porphyromonadaceae
A0A3E0NG65	Bacteria	Planctomycetes
A0A261Y412	Eukaryota	Fungi	Fungi incertae sedis	Mucoromycota	Mucoromycotina	Endogonomycetes	Endogonales	Endogonales incertae sedis	Bifiguratus
A0A661G0D1	Bacteria	Proteobacteria	Gammaproteobacteria
A0A0D9XAW2	Eukaryota	Viridiplantae	Streptophyta	Embryophyta	Tracheophyta	Spermatophyta	Magnoliopsida	Liliopsida	Poales	Poaceae	BOP clade	Oryzoideae	Oryzeae	Oryzinae	Leersia
A0A1E5UG90	Bacteria	Bacteroidetes	Flavobacteriia	Flavobacteriales	Weeksellaceae
A0A369XWZ4	Bacteria	Fusobacteria	Fusobacteriales	Fusobacteriaceae	Psychrilyobacter	unclassified Psychrilyobacter
A0A2N0LT21	Bacteria	Chloroflexi	SAR202 cluster
A0A427YEH2	Eukaryota	Fungi	Dikarya	Basidiomycota	Agaricomycotina	Tremellomycetes	Tremellales	Trimorphomycetaceae	Saitozyma
A0A2A2QYC9	Bacteria	Verrucomicrobia
A0A3L7VA01	Bacteria	Planctomycetes
A0A383BNL2	unclassified sequences	metagenomes	ecological metagenomes
A0A3M1UHW6	Bacteria	Proteobacteria	Gammaproteobacteria
A0A3D2DQZ2	Bacteria	Firmicutes	Clostridia	Clostridiales	Eubacteriaceae	Eubacterium	unclassified Eubacterium
A0A4V6JU58	Bacteria	Bacteroidetes	Sphingobacteriia	Sphingobacteriales	Sphingobacteriaceae	Sphingobacterium
A0A0B7JR78	Eukaryota	Fungi	Dikarya	Ascomycota	Pezizomycotina	Sordariomycetes	Hypocreomycetidae	Hypocreales	Bionectriaceae	Clonostachys
A0A512BB39	Bacteria	Bacteroidetes	Chitinophagia	Chitinophagales	Chitinophagaceae	Segetibacter
A0A651HH25	Bacteria	Verrucomicrobia	Opitutae	Puniceicoccales	Puniceicoccaceae
A0A437MQZ9	Bacteria	Bacteroidetes	Sphingobacteriia	Sphingobacteriales	Sphingobacteriaceae	Mucilaginibacter
A0A2E1GVX2	Bacteria	Proteobacteria	Gammaproteobacteria
A7C1K1	Bacteria	Proteobacteria	Gammaproteobacteria	Thiotrichales	Thiotrichaceae	Beggiatoa	unclassified Beggiatoa
A0A240E240	Bacteria	Proteobacteria	Betaproteobacteria	Burkholderiales	Burkholderiaceae	Polynucleobacter
A0A2E8RF89	Bacteria	Proteobacteria	Gammaproteobacteria
A0A068RTJ0	Eukaryota	Fungi	Fungi incertae sedis	Mucoromycota	Mucoromycotina	Mucoromycetes	Mucorales	Lichtheimiaceae	Lichtheimia
A0A6A6HFV1	Eukaryota	Fungi	Dikarya	Ascomycota	Pezizomycotina	Dothideomycetes	Dothideomycetes incertae sedis	Trypetheliales	Trypetheliaceae	Viridothelium
W3WSW8	Eukaryota	Fungi	Dikarya	Ascomycota	Pezizomycotina	Sordariomycetes	Xylariomycetidae	Xylariales	Sporocadaceae	Pestalotiopsis
A0A258D0K4	Bacteria	Proteobacteria	Alphaproteobacteria	Caulobacterales	Caulobacteraceae	Caulobacter
A0A2M8PA79	Bacteria	Chloroflexi	Candidatus Thermofonsia	Candidatus Thermofonsia Clade 1
A0A537P724	Bacteria	Proteobacteria	Alphaproteobacteria
A0A2K3MBF6	Eukaryota	Viridiplantae	Streptophyta	Embryophyta	Tracheophyta	Spermatophyta	Magnoliopsida	eudicotyledons	Gunneridae	Pentapetalae	rosids	fabids	Fabales	Fabaceae	Papilionoideae	50 kb inversion clade	NPAAA clade	Hologalegina	IRL clade	Trifolieae	Trifolium
A0A0R2U738	Bacteria	Cyanobacteria
A0A2E3TN78	Bacteria	Kiritimatiellaeota	Kiritimatiellae	Kiritimatiellales	Kiritimatiellaceae
G7E2A5	Eukaryota	Fungi	Dikarya	Basidiomycota	Pucciniomycotina	Mixiomycetes	Mixiales	Mixiaceae	Mixia
A0A0D6TNG8	Bacteria	Bacteroidetes	Flavobacteriia	Flavobacteriales	Flavobacteriaceae	Flavobacterium	unclassified Flavobacterium
A0A2E8X1I3	Bacteria	Chloroflexi
W4Q544	Bacteria	Firmicutes	Bacilli	Bacillales	Bacillaceae	Alkalihalobacillus
Q6CAY2	Eukaryota	Fungi	Dikarya	Ascomycota	Saccharomycotina	Saccharomycetes	Saccharomycetales	Dipodascaceae	Yarrowia
A0A165JKW6	Eukaryota	Fungi	Dikarya	Basidiomycota	Agaricomycotina	Agaricomycetes	Auriculariales	Exidiaceae	Exidia
A0A1B1ZV16	Bacteria	Actinobacteria	Pseudonocardiales	Pseudonocardiaceae	Pseudonocardia	unclassified Pseudonocardia
A0A443HU10	Eukaryota	Fungi	Dikarya	Ascomycota	Pezizomycotina	Eurotiomycetes	Eurotiomycetidae	Eurotiales	Thermoascaceae	Byssochlamys
A0A1K1PU79	Bacteria	Bacteroidetes	Chitinophagia	Chitinophagales	Chitinophagaceae	Chitinophaga
A0A2H0ISM0	Bacteria	Bacteroidetes	Cytophagia	Cytophagales
R5QY95	Bacteria	Firmicutes	environmental samples
A0A271IVE8	Bacteria	Rhodothermaeota	Rhodothermia	Rhodothermales	Rubricoccaceae	Rubrivirga
A0A2E5T9P3	Bacteria	Proteobacteria	Gammaproteobacteria	Oceanospirillales	Alcanivoracaceae	Alcanivorax	unclassified Alcanivorax
E1ZPZ3	Eukaryota	Viridiplantae	Chlorophyta	core chlorophytes	Trebouxiophyceae	Chlorellales	Chlorellaceae	Chlorella clade	Chlorella
A0A0C3A6L8	Bacteria	Actinobacteria	Corynebacteriales	Nocardiaceae	Rhodococcus
A0A085EHJ9	Bacteria	Bacteroidetes	Flavobacteriia	Flavobacteriales	Flavobacteriaceae	Flavobacterium
A0A368D223	Bacteria	Bacteroidetes	Flavobacteriia	Flavobacteriales	Cryomorphaceae	unclassified Cryomorphaceae
D8QVM6	Eukaryota	Viridiplantae	Streptophyta	Embryophyta	Tracheophyta	Lycopodiopsida	Selaginellales	Selaginellaceae	Selaginella
A0A257TMH0	Bacteria	Ignavibacteriae
A0A2A5HVD2	Bacteria	Proteobacteria	Gammaproteobacteria	Alteromonadales	Alteromonadaceae
A0A1M5JFJ9	Bacteria	Bacteroidetes	Flavobacteriia	Flavobacteriales	Flavobacteriaceae	Flavobacterium
A0A3N4L1L0	Eukaryota	Fungi	Dikarya	Ascomycota	Pezizomycotina	Pezizomycetes	Pezizales	Morchellaceae	Morchella
X8BJA0	Bacteria	Actinobacteria	Corynebacteriales	Mycobacteriaceae	Mycobacterium
A0A528MQL8	Bacteria	Proteobacteria	Alphaproteobacteria	Rhizobiales	Phyllobacteriaceae	Mesorhizobium
A0A292Q5H1	Eukaryota	Fungi	Dikarya	Ascomycota	Pezizomycotina	Pezizomycetes	Pezizales	Tuberaceae	Tuber
A0A3E1EHU6	Bacteria	Verrucomicrobia
A0A382YBG0	unclassified sequences	metagenomes	ecological metagenomes
A0A3B0U573	unclassified sequences	metagenomes	ecological metagenomes
A0A5C7ZBV6	Bacteria	Proteobacteria	Betaproteobacteria	Burkholderiales	Comamonadaceae	Limnohabitans	unclassified Limnohabitans
W8F7E7	Bacteria	Bacteroidetes	Cytophagia	Cytophagales	Hymenobacteraceae	Hymenobacter
A0A507DR17	Eukaryota	Fungi	Fungi incertae sedis	Chytridiomycota	Chytridiomycota incertae sedis	Chytridiomycetes	Spizellomycetales	Powellomycetaceae	Powellomyces
A0A1G1TKP1	Bacteria	Bacteroidetes	Cytophagia	Cytophagales	Hymenobacteraceae	Hymenobacter
A0A2E2XE29	Bacteria	Proteobacteria	Gammaproteobacteria	Cellvibrionales	Cellvibrionaceae
A0A2V3IN28	Eukaryota	Rhodophyta	Florideophyceae	Rhodymeniophycidae	Gracilariales	Gracilariaceae	Gracilariopsis
A0A4U0TXM8	Eukaryota	Fungi	Dikarya	Ascomycota	Pezizomycotina	Dothideomycetes	Dothideomycetidae	Mycosphaerellales	Teratosphaeriaceae	Friedmanniomyces
G4T779	Eukaryota	Fungi	Dikarya	Basidiomycota	Agaricomycotina	Agaricomycetes	Sebacinales	Serendipitaceae	Serendipita
A0A2G5BAQ8	Eukaryota	Fungi	Fungi incertae sedis	Zoopagomycota	Kickxellomycotina	Kickxellomycetes	Kickxellales	Kickxellaceae	Coemansia
A0A2Z4GF16	Bacteria	Bacteroidetes	Cytophagia	Cytophagales	Cytophagaceae	Arcticibacterium
F4N147	Bacteria	Proteobacteria	Gammaproteobacteria	Enterobacterales	Yersiniaceae	Yersinia
A0A142HEY2	Bacteria	Bacteroidetes	Cytophagia	Cytophagales	Hymenobacteraceae	Hymenobacter
A0A0D1X029	Eukaryota	Fungi	Dikarya	Ascomycota	Pezizomycotina	Eurotiomycetes	Chaetothyriomycetidae	Chaetothyriales	Herpotrichiellaceae	Exophiala
A0A1I5JTN0	Bacteria	Proteobacteria	Alphaproteobacteria	Rhizobiales	Cohaesibacteraceae
B9GMG3	Eukaryota	Viridiplantae	Streptophyta	Embryophyta	Tracheophyta	Spermatophyta	Magnoliopsida	eudicotyledons	Gunneridae	Pentapetalae	rosids	fabids	Malpighiales	Salicaceae	Saliceae	Populus
A0A3N4KKP1	Eukaryota	Fungi	Dikarya	Ascomycota	Pezizomycotina	Pezizomycetes	Pezizales	Morchellaceae	Morchella
A0A2Z6RZX9	Eukaryota	Fungi	Fungi incertae sedis	Mucoromycota	Glomeromycotina	Glomeromycetes	Glomerales	Glomeraceae	Rhizophagus
A0A2E7YZ74	Bacteria	Proteobacteria	Alphaproteobacteria	Pelagibacterales	Pelagibacteraceae	Candidatus Pelagibacter	unclassified Candidatus Pelagibacter
A0A0F0IH28	Eukaryota	Fungi	Dikarya	Ascomycota	Pezizomycotina	Eurotiomycetes	Eurotiomycetidae	Eurotiales	Aspergillaceae	Aspergillus
E3RLI7	Eukaryota	Fungi	Dikarya	Ascomycota	Pezizomycotina	Dothideomycetes	Pleosporomycetidae	Pleosporales	Pleosporineae	Pleosporaceae	Pyrenophora
A0A2W4PRT5	Bacteria	Proteobacteria
A0A0F4PHY4	Bacteria	Proteobacteria	Gammaproteobacteria	Alteromonadales	Pseudoalteromonadaceae	Pseudoalteromonas
A0A367GLN6	Bacteria	Bacteroidetes	Sphingobacteriia	Sphingobacteriales	Sphingobacteriaceae	Mucilaginibacter
A0A0J0Y6V9	Bacteria	Bacteroidetes	Sphingobacteriia	Sphingobacteriales	Sphingobacteriaceae	Pedobacter	unclassified Pedobacter
A0A1W1DYD7	unclassified sequences	metagenomes	ecological metagenomes
A0A5C9D197	Bacteria	Spirochaetes
A0A0S7CQQ2	Bacteria	Actinobacteria	Micrococcales	Micrococcaceae	Arthrobacter
A0A0N1H6Z8	Eukaryota	Fungi	Dikarya	Ascomycota	Pezizomycotina	Eurotiomycetes	Chaetothyriomycetidae	Chaetothyriales	Herpotrichiellaceae	Phialophora
A0A1E7FZZ8	Eukaryota	Sar	Stramenopiles	Ochrophyta	Bacillariophyta	Bacillariophyceae	Bacillariophycidae	Bacillariales	Bacillariaceae	Fragilariopsis
A0A0F8U7X3	Eukaryota	Fungi	Dikarya	Ascomycota	Pezizomycotina	Eurotiomycetes	Eurotiomycetidae	Eurotiales	Aspergillaceae	Aspergillus	Aspergillus subgen. Nidulantes
F7VXC9	Eukaryota	Fungi	Dikarya	Ascomycota	Pezizomycotina	Sordariomycetes	Sordariomycetidae	Sordariales	Sordariaceae	Sordaria
A0A2E0TDS3	Bacteria	Proteobacteria	Deltaproteobacteria	Myxococcales	Sorangiineae	Sandaracinaceae	Sandaracinus	unclassified Sandaracinus
C6XSP9	Bacteria	Bacteroidetes	Sphingobacteriia	Sphingobacteriales	Sphingobacteriaceae	Pedobacter
A0A3E0NHB0	Bacteria	Proteobacteria
A0A2E1PMJ9	Bacteria	Proteobacteria	Gammaproteobacteria
A0A521BBH4	Bacteria	Bacteroidetes	Sphingobacteriia	Sphingobacteriales	Sphingobacteriaceae	Solitalea
A0A5B8VQ08	Bacteria	Bacteroidetes	Chitinophagia	Chitinophagales	Chitinophagaceae	Arachidicoccus
A0A1W9W5H2	Bacteria	Proteobacteria	Deltaproteobacteria	Desulfobacterales	Desulfobacteraceae
A0A1H2H3X3	Bacteria	Verrucomicrobia	Verrucomicrobiae	Verrucomicrobiales	Verrucomicrobiaceae	Verrucomicrobium	unclassified Verrucomicrobium
A0A2E7Z188	Bacteria	Chloroflexi
B8M7R3	Eukaryota	Fungi	Dikarya	Ascomycota	Pezizomycotina	Eurotiomycetes	Eurotiomycetidae	Eurotiales	Trichocomaceae	Talaromyces	Talaromyces sect. Talaromyces
A0A524CIJ2	Archaea	Asgard group	Candidatus Lokiarchaeota	unclassified Lokiarchaeota
W6MXR4	Eukaryota	Fungi	Dikarya	Ascomycota	Saccharomycotina	Saccharomycetes	Saccharomycetales	Saccharomycetales incertae sedis	Kuraishia
D4GCT2	Bacteria	Proteobacteria	Gammaproteobacteria	Enterobacterales	Erwiniaceae	Pantoea
A0A349X950	Bacteria	Proteobacteria	Gammaproteobacteria
A0A284QLY0	Eukaryota	Fungi	Dikarya	Basidiomycota	Agaricomycotina	Agaricomycetes	Agaricomycetidae	Agaricales	Physalacriaceae	Armillaria
A0A3M1IXL0	Bacteria	Bacteroidetes
A0A2E4IU37	Bacteria
A0A4V1UE86	Bacteria	Bacteroidetes	Chitinophagia	Chitinophagales	Chitinophagaceae	unclassified Chitinophagaceae
A0A5C3E4F1	Eukaryota	Fungi	Dikarya	Basidiomycota	Ustilaginomycotina	Ustilaginomycetes	Ustilaginales	Ustilaginaceae	Ustilago
B9H085	Eukaryota	Viridiplantae	Streptophyta	Embryophyta	Tracheophyta	Spermatophyta	Magnoliopsida	eudicotyledons	Gunneridae	Pentapetalae	rosids	fabids	Malpighiales	Salicaceae	Saliceae	Populus
A0A5J5IFN6	Bacteria	Bacteroidetes	Chitinophagia	Chitinophagales	Chitinophagaceae	unclassified Chitinophagaceae
A0A0F8V647	Eukaryota	Fungi	Dikarya	Ascomycota	Pezizomycotina	Eurotiomycetes	Eurotiomycetidae	Eurotiales	Aspergillaceae	Aspergillus
A0A3D5JXV7	Bacteria	Verrucomicrobia	Verrucomicrobiae	Verrucomicrobiales
A0A386HM81	Bacteria	Bacteroidetes	Chitinophagia	Chitinophagales	Chitinophagaceae	Arachidicoccus
A0A699JLZ7	Eukaryota	Viridiplantae	Streptophyta	Embryophyta	Tracheophyta	Spermatophyta	Magnoliopsida	eudicotyledons	Gunneridae	Pentapetalae	asterids	campanulids	Asterales	Asteraceae	Asteroideae	Anthemideae	Anthemidinae	Tanacetum
A0A0F4PW48	Bacteria	Proteobacteria	Gammaproteobacteria	Alteromonadales	Pseudoalteromonadaceae	Pseudoalteromonas
A0A4Y5R903	Eukaryota	Metazoa	Spiralia	Gnathifera	Rotifera	Bdelloidea	Adinetida	Adinetidae	Adineta
A0A2V8G760	Bacteria	Acidobacteria
A0A3L7RCL5	Bacteria	Planctomycetes
C0AS17	Bacteria	Proteobacteria	Gammaproteobacteria	Enterobacterales	Morganellaceae	Proteus
A0A5C2RN33	Eukaryota	Fungi	Dikarya	Basidiomycota	Agaricomycotina	Agaricomycetes	Polyporales	Polyporaceae	Lentinus
A0A427HKD5	Bacteria	Proteobacteria	Gammaproteobacteria	Enterobacterales	Morganellaceae	Providencia
A0A5J5F903	Eukaryota	Fungi	Dikarya	Ascomycota	Pezizomycotina	Pezizomycetes	Pezizales	Pyronemataceae	Sphaerosporella
A0A0A2L906	Eukaryota	Fungi	Dikarya	Ascomycota	Pezizomycotina	Eurotiomycetes	Eurotiomycetidae	Eurotiales	Aspergillaceae	Penicillium
A0A4T0GFF6	Eukaryota	Fungi	Dikarya	Basidiomycota	Wallemiomycotina	Wallemiomycetes	Wallemiales	Wallemiaceae	Wallemia
A0A6C0IW30	unclassified sequences	metagenomes	organismal metagenomes
A2TXH7	Bacteria	Bacteroidetes	Flavobacteriia	Flavobacteriales	Flavobacteriaceae	Polaribacter
A0A2V7PDU9	Bacteria	Gemmatimonadetes
A0A2D5N665	Bacteria	Bacteroidetes	Flavobacteriia	Flavobacteriales	Flavobacteriaceae
A0A2R6R967	Eukaryota	Viridiplantae	Streptophyta	Embryophyta	Tracheophyta	Spermatophyta	Magnoliopsida	eudicotyledons	Gunneridae	Pentapetalae	asterids	Ericales	Actinidiaceae	Actinidia
A0A2E5GV45	Bacteria	Bacteroidetes	Cytophagia	unclassified Cytophagia
A0A2E3X8P9	Bacteria	Bacteroidetes	Flavobacteriia	Flavobacteriales	Flavobacteriaceae
A0A219ACQ2	Bacteria	Bacteroidetes	Flavobacteriia	Flavobacteriales	Weeksellaceae	Chryseobacterium group	Chryseobacterium
V9FXM5	Eukaryota	Sar	Stramenopiles	Oomycota	Peronosporales	Peronosporaceae	Phytophthora
A0A382UW23	unclassified sequences	metagenomes	ecological metagenomes
A0A6A6MPD3	Eukaryota	Viridiplantae	Streptophyta	Embryophyta	Tracheophyta	Spermatophyta	Magnoliopsida	eudicotyledons	Gunneridae	Pentapetalae	rosids	fabids	Malpighiales	Euphorbiaceae	Crotonoideae	Micrandreae	Hevea
A0A135L8I1	Eukaryota	Fungi	Dikarya	Ascomycota	Pezizomycotina	Eurotiomycetes	Eurotiomycetidae	Eurotiales	Aspergillaceae	Penicillium
A0A489FTT1	Bacteria	Firmicutes	Clostridia	Clostridiales	Peptostreptococcaceae	Clostridioides
A0A1G9VFL6	Bacteria	Bacteroidetes	Cytophagia	Cytophagales	Cytophagaceae	Siphonobacter
A0A2E7FM60	Bacteria	Verrucomicrobia	Opitutae	Opitutales	Opitutaceae
A0A2N1JDM7	Eukaryota	Fungi	Dikarya	Basidiomycota	Ustilaginomycotina	Malasseziomycetes	Malasseziales	Malasseziaceae	Malassezia
W9W3R4	Eukaryota	Fungi	Dikarya	Ascomycota	Pezizomycotina	Eurotiomycetes	Chaetothyriomycetidae	Chaetothyriales	Herpotrichiellaceae	Cladophialophora
A0A2V7I291	Bacteria	Candidatus Rokubacteria	unclassified Candidatus Rokubacteria
A0A4T0QSQ5	Eukaryota	Fungi	Dikarya	Basidiomycota	Wallemiomycotina	Wallemiomycetes	Wallemiales	Wallemiaceae	Wallemia
A0A381ZIC8	unclassified sequences	metagenomes	ecological metagenomes
A0A258LCW4	Bacteria	Bacteroidetes	Sphingobacteriia
A0A5E7NRU3	Bacteria	Proteobacteria	Gammaproteobacteria	Pseudomonadales	Pseudomonadaceae	Pseudomonas
A0A518C5I8	Bacteria	Planctomycetes	Planctomycetia	Planctomycetales	Planctomycetaceae	Bremerella
A0A357YHX4	Bacteria	Bacteroidetes	Bacteroidia	Bacteroidales	Porphyromonadaceae	unclassified Porphyromonadaceae
A0A3C0AYW7	Bacteria	Bacteroidetes	Flavobacteriia	Flavobacteriales	Flavobacteriaceae	Flavobacterium	unclassified Flavobacterium
C7PB44	Bacteria	Bacteroidetes	Chitinophagia	Chitinophagales	Chitinophagaceae	Chitinophaga
A0A4R1XSM7	Bacteria	Proteobacteria	Gammaproteobacteria	Pseudomonadales	Moraxellaceae	Acinetobacter	Acinetobacter calcoaceticus/baumannii complex
A0A1E1KH08	Eukaryota	Fungi	Dikarya	Ascomycota	Pezizomycotina	Leotiomycetes	Helotiales	Helotiales incertae sedis	Rhynchosporium
A0A6A5L8E3	Eukaryota	Viridiplantae	Streptophyta	Embryophyta	Tracheophyta	Spermatophyta	Magnoliopsida	eudicotyledons	Gunneridae	Pentapetalae	rosids	fabids	Fabales	Fabaceae	Papilionoideae	50 kb inversion clade	genistoids sensu lato	core genistoids	Genisteae	Lupinus
A0A316NZ90	Bacteria	Candidatus Melainabacteria	Candidatus Gastranaerophilales
A0A0L6WNI4	Eukaryota	Fungi	Dikarya	Basidiomycota	Agaricomycotina	Agaricomycetes	Agaricomycetidae	Agaricales	Lyophyllaceae	Termitomyces	unclassified Termitomyces
A0A6B3LCS8	Bacteria	Verrucomicrobia	Verrucomicrobiae	Verrucomicrobiales
A0A0L0MCK8	Bacteria	Proteobacteria	Betaproteobacteria	Burkholderiales	Burkholderiaceae	Burkholderia
A0A4Q3QZ34	Bacteria	Bacteroidetes	Chitinophagia	Chitinophagales	Chitinophagaceae	unclassified Chitinophagaceae
A0A2E7AK46	Bacteria	Verrucomicrobia	Verrucomicrobiae	Verrucomicrobiales	Verrucomicrobiaceae	Roseibacillus	unclassified Roseibacillus
I2G077	Eukaryota	Fungi	Dikarya	Basidiomycota	Ustilaginomycotina	Ustilaginomycetes	Ustilaginales	Ustilaginaceae	Ustilago
K0RAQ1	Eukaryota	Sar	Stramenopiles	Ochrophyta	Bacillariophyta	Coscinodiscophyceae	Thalassiosirophycidae	Thalassiosirales	Thalassiosiraceae	Thalassiosira
A6GWT7	Bacteria	Bacteroidetes	Flavobacteriia	Flavobacteriales	Flavobacteriaceae	Flavobacterium
A0A3D1AVA5	Bacteria	Acidobacteria	Bryobacterales	unclassified Bryobacterales
A0A1M6IW19	Bacteria	Bacteroidetes	Flavobacteriia	Flavobacteriales	Flavobacteriaceae	Flavobacterium
A0A257RUD6	Bacteria	Actinobacteria
A0A258KN32	Bacteria	Bacteroidetes	Sphingobacteriia
A0A1Z5TLE1	Eukaryota	Fungi	Dikarya	Ascomycota	Pezizomycotina	Dothideomycetes	Dothideomycetidae	Mycosphaerellales	Teratosphaeriaceae	Hortaea
A0A2G2HAQ7	Bacteria	Proteobacteria	Epsilonproteobacteria	Campylobacterales	Campylobacteraceae	Arcobacter group	Arcobacter
E6X9V4	Bacteria	Bacteroidetes	Flavobacteriia	Flavobacteriales	Flavobacteriaceae	Cellulophaga
A0A2E9H6Q7	Bacteria	Proteobacteria	Deltaproteobacteria
A0A2P6ARZ5	Bacteria	Proteobacteria	Gammaproteobacteria	Pseudomonadales	Moraxellaceae	Amnimonas
Q93QZ8	Bacteria	Firmicutes	Clostridia	Clostridiales	Peptostreptococcaceae	Clostridioides
A0A3G8JHM5	Bacteria	Actinobacteria	Corynebacteriales	Gordoniaceae	Gordonia
A0A3D5SP22	Bacteria	Acidobacteria	Blastocatellia
F4XQZ0	Bacteria	Cyanobacteria	Oscillatoriophycideae	Oscillatoriales	Oscillatoriaceae	Moorea
A0A0D0QU52	Bacteria	Firmicutes	Bacilli	Bacillales	Staphylococcaceae	Staphylococcus
A0A3E0PM87	Bacteria	Actinobacteria
A0A4R4F9R5	Bacteria	Proteobacteria	Gammaproteobacteria	Xanthomonadales	Xanthomonadaceae	Lysobacter	unclassified Lysobacter
A0A397IKQ8	Eukaryota	Fungi	Fungi incertae sedis	Mucoromycota	Glomeromycotina	Glomeromycetes	Diversisporales	Diversisporaceae	Diversispora
A0A316VA44	Eukaryota	Fungi	Dikarya	Basidiomycota	Ustilaginomycotina	Exobasidiomycetes	Exobasidiales	Brachybasidiaceae	Meira
A0A4V4MMW1	Eukaryota	Fungi	Dikarya	Basidiomycota	Wallemiomycotina	Wallemiomycetes	Wallemiales	Wallemiaceae	Wallemia
A0A5C9CCD5	Bacteria	Bacteroidetes	Chitinophagia	Chitinophagales	Chitinophagaceae	unclassified Chitinophagaceae
A0A2A2ENB4	Bacteria	Proteobacteria	Gammaproteobacteria	Oceanospirillales	Halomonadaceae	Halomonas
A0A519MBR9	Bacteria	Bacteroidetes	Cytophagia	Cytophagales	Hymenobacteraceae	Hymenobacter
G2Z6U5	Bacteria	Bacteroidetes	Flavobacteriia	Flavobacteriales	Flavobacteriaceae	Flavobacterium
A3CR42	Bacteria	Firmicutes	Bacilli	Lactobacillales	Streptococcaceae	Streptococcus
A0A3D4TD96	Bacteria	Bacteroidetes	Chitinophagia	Chitinophagales	Chitinophagaceae	unclassified Chitinophagaceae
A0A3D0KL74	Bacteria	Firmicutes	Clostridia	Clostridiales	Ruminococcaceae
A0A382PSS6	unclassified sequences	metagenomes	ecological metagenomes
A0A4Q7MAY2	Bacteria	Bacteroidetes	Chitinophagia	Chitinophagales	Chitinophagaceae	Pseudobacter
A6EEQ5	Bacteria	Bacteroidetes	Sphingobacteriia	Sphingobacteriales	Sphingobacteriaceae	Pedobacter	unclassified Pedobacter
A0A5C7XU48	Bacteria	Actinobacteria	Corynebacteriales	Mycobacteriaceae	Mycobacterium	unclassified Mycobacterium
A0A538QBK4	Bacteria	Proteobacteria	Deltaproteobacteria
A0A1S9PBK3	Bacteria	Bacteroidetes	Sphingobacteriia	Sphingobacteriales	Sphingobacteriaceae	Mucilaginibacter
A0A438N6H8	Eukaryota	Fungi	Dikarya	Ascomycota	Pezizomycotina	Eurotiomycetes	Chaetothyriomycetidae	Chaetothyriales	Herpotrichiellaceae	Exophiala
A0A0U3T331	Bacteria	environmental samples
F4S819	Eukaryota	Fungi	Dikarya	Basidiomycota	Pucciniomycotina	Pucciniomycetes	Pucciniales	Melampsoraceae	Melampsora
A0A520N305	Bacteria	Proteobacteria	Gammaproteobacteria	SAR86 cluster
A0A4T0J639	Eukaryota	Fungi	Dikarya	Basidiomycota	Wallemiomycotina	Wallemiomycetes	Wallemiales	Wallemiaceae	Wallemia
A0A0B8T4N8	Bacteria	Bacteroidetes	Sphingobacteriia	Sphingobacteriales	Sphingobacteriaceae	Sphingobacterium
A0A3D0D442	Bacteria	Chloroflexi
A0A5C8P976	Bacteria	Proteobacteria	Alphaproteobacteria	Rhodospirillales	Rhodospirillales incertae sedis	Enhydrobacter	unclassified Enhydrobacter
A0A4Q7XAE4	Bacteria	Actinobacteria	Propionibacteriales	Nocardioidaceae	Kribbella
A0A2D5PNX0	Bacteria	Proteobacteria	Gammaproteobacteria
A0A268U5R4	Bacteria	Proteobacteria	Epsilonproteobacteria	Campylobacterales	Helicobacteraceae	Helicobacter
A0A366Q9L3	Eukaryota	Fungi	Dikarya	Ascomycota	Pezizomycotina	Sordariomycetes	Hypocreomycetidae	Hypocreales	Nectriaceae	Fusarium	Fusarium fujikuroi species complex
A0A3D5KSB7	Bacteria	Bacteroidetes	Cytophagia	Cytophagales
A0A348TR14	Bacteria	Bacteroidetes	Cytophagia	Cytophagales
A0A4Q5YQZ0	Bacteria	Actinobacteria	Propionibacteriales	Propionibacteriaceae
A0A3N5TEQ0	Bacteria	Spirochaetes	Spirochaetales	Spirochaetaceae
F0YIV0	Eukaryota	Sar	Stramenopiles	Pelagophyceae	Pelagomonadales	Aureococcus
A0A1D6KMD8	Eukaryota	Viridiplantae	Streptophyta	Embryophyta	Tracheophyta	Spermatophyta	Magnoliopsida	Liliopsida	Poales	Poaceae	PACMAD clade	Panicoideae	Andropogonodae	Andropogoneae	Tripsacinae	Zea
A0A2S6THQ5	Bacteria	Proteobacteria	Alphaproteobacteria
A0A2E0NRV0	Bacteria	Bacteroidetes	Flavobacteriia	Flavobacteriales	Flavobacteriaceae
A0A381YGF5	unclassified sequences	metagenomes	ecological metagenomes
A0A544ZTG9	Eukaryota	Fungi	Dikarya	Ascomycota	Pezizomycotina	Leotiomycetes	Erysiphales	Erysiphaceae	Golovinomyces
A0A3M1UW97	Bacteria	Planctomycetes
A0A1F4QD48	Bacteria	candidate division NC10
A0A3A2ZVM3	Eukaryota	Fungi	Dikarya	Ascomycota	Pezizomycotina	Eurotiomycetes	Eurotiomycetidae	Eurotiales	Aspergillaceae	Aspergillus	Aspergillus subgen. Polypaecilum
A0A2E0FAS1	Bacteria	Bacteroidetes	Cytophagia	Cytophagales	Flammeovirgaceae	unclassified Flammeovirgaceae
A0A258WMG9	Bacteria	Bacteroidetes	Sphingobacteriia	Sphingobacteriales
A0A258AHB5	Bacteria	Proteobacteria	Gammaproteobacteria	Pseudomonadales
A0A1Y5DPB8	Bacteria	Proteobacteria	Epsilonproteobacteria	Campylobacterales	Campylobacteraceae	Arcobacter group
A0A2D7U3E1	Bacteria	Proteobacteria
A0A5C3QKR3	Eukaryota	Fungi	Dikarya	Basidiomycota	Agaricomycotina	Agaricomycetes	Agaricomycetidae	Agaricales	Agaricales incertae sedis	Pterulaceae	Pterula
A0A0L6USQ2	Eukaryota	Fungi	Dikarya	Basidiomycota	Pucciniomycotina	Pucciniomycetes	Pucciniales	Pucciniaceae	Puccinia
A0A446YG97	Eukaryota	Viridiplantae	Streptophyta	Embryophyta	Tracheophyta	Spermatophyta	Magnoliopsida	Liliopsida	Poales	Poaceae	BOP clade	Pooideae	Triticodae	Triticeae	Triticinae	Triticum
A0A3D4XQA4	Bacteria	Proteobacteria	Gammaproteobacteria	Methylococcales	Methylococcaceae
A0A3B8PE07	Bacteria	Proteobacteria	Gammaproteobacteria	Oceanospirillales	Alcanivoracaceae	Alcanivorax	unclassified Alcanivorax
A0A427Y7T5	Eukaryota	Fungi	Dikarya	Basidiomycota	Agaricomycotina	Tremellomycetes	Tremellales	Trimorphomycetaceae	Saitozyma
A0A550CGV8	Eukaryota	Fungi	Dikarya	Basidiomycota	Agaricomycotina	Agaricomycetes	Agaricomycetidae	Agaricales	Schizophyllaceae	Auriculariopsis
A0A1E4PVP4	Bacteria	Proteobacteria	Betaproteobacteria	Nitrosomonadales	Thiobacillaceae	Thiobacillus	unclassified Thiobacillus
A0A2E7KYM5	Bacteria	Verrucomicrobia	Verrucomicrobiae	Verrucomicrobiales	Verrucomicrobiaceae	unclassified Verrucomicrobiaceae